ID,CACHED
37i9dQZF1DWXT8uSSn6PRy,True
37i9dQZF1DXcBWIGoYBM5M,True
37i9dQZF1DX0XUsuxWHRQd,True
37i9dQZF1DX5KpP2LN299J,True
37i9dQZF1DX1lVhptIYRda,True
37i9dQZF1DX2L0iB23Enbq,True
37i9dQZF1DX5DfG8gQdC3F,True
37i9dQZF1DX7aUUBCKwo4Y,True
37i9dQZF1DWSK8os4XIQBk,True
37i9dQZF1DX8C9xQcOrE6T,True
37i9dQZF1DWZd79rJ6a7lp,True
37i9dQZF1DX4sWSpwq3LiO,True
37i9dQZF1DWUZ5bk6qqDSy,True
37i9dQZF1DXcOFePJj4Rgb,True
37i9dQZF1DWX1VaLD1v09s,True
37i9dQZF1DZ06evO1Exmrs,True
37i9dQZF1DX4UtSsGT1Sbe,True
37i9dQZF1DWV7EzJMK2FUI,True
37i9dQZF1DX3rxVfibe1L0,True
37i9dQZF1DWTwnEm1IYyoj,True
37i9dQZF1DWXVJK4aT7pmk,True
37i9dQZF1DX7LjobXS2hzX,True
37i9dQZF1DWY6tYEFs22tT,True
37i9dQZF1DX56bqlsMxJYR,True
37i9dQZF1DZ06evO2llutr,True
37i9dQZF1DWXRqgorJj26U,True
37i9dQZF1DWZqd5JICZI0u,True
37i9dQZF1DWWY64wDtewQt,True
37i9dQZF1DWZBCPUIUs2iR,True
37i9dQZF1DX9wC1KY45plY,True
37i9dQZF1DX5cZuAHLNjGz,True
37i9dQZF1DWWQRwui0ExPn,True
37i9dQZF1DX76Wlfdnj7AP,True
37i9dQZF1DXbTxeAdrVG2l,True
37i9dQZF1DWVw7c2MHvocy,True
37i9dQZF1DXe6yev4qlxCV,True
37i9dQZF1DX186v583rmzp,True
37i9dQZF1DWSqmBTGDYngZ,True
37i9dQZF1DX48TTZL62Yht,True
37i9dQZF1DX6ziVCJnEm59,True
37i9dQZF1DXarRysLJmuju,True
37i9dQZF1DWVpjAJGB70vU,True
37i9dQZF1DX4o1oenSJRJd,True
37i9dQZF1DX9tPFwDMOaN1,True
37i9dQZF1DWTl4y3vgJOXW,True
37i9dQZF1DWTkxQvqMy4WW,True
37i9dQZF1DX4xuWVBs4FgJ,True
37i9dQZF1DWTJ7xPn4vNaz,True
37i9dQZF1DWYcDQ1hSjOpY,True
37i9dQZF1DX4hpot8sYudB,True
19PgP2QSGPcm6Ve8VhbtpG,True
37i9dQZF1DWZEYG45EmWYV,True
37i9dQZF1DZ06evO2zJOi2,True
37i9dQZF1DXcvTlrqdAobS,True
37i9dQZF1DXebxttQCq0zA,True
37i9dQZF1DX13ZzXoot6Jc,True
37i9dQZF1DX4JPdPsQxLCG,True
37i9dQZF1DWTyiBJ6yEqeu,True
37i9dQZF1DX2oU49YwtXI2,True
37i9dQZF1DXad2sxzzYX1N,True
37i9dQZF1DX4WYpdgoIcn6,True
37i9dQZF1DWYBO1MoTDhZI,True
37i9dQZF1DX7QOv5kjbU68,True
37i9dQZF1DX4HwNAFq2CF0,True
37i9dQZF1DXaohnPXGkLv6,True
37i9dQZF1DWWiDhnQ2IIru,True
37i9dQZF1DZ06evO4gTUOY,True
37i9dQZF1DX1BzILRveYHb,True
37i9dQZF1DWTQwRw56TKNc,True
37i9dQZF1DXaXB8fQg7xif,True
37i9dQZF1DXcgZcN2HVMoe,True
37i9dQZF1DX5baCFRgbF3x,True
37i9dQZF1DZ06evO49lTA4,True
37i9dQZF1DWWEJlAGA9gs0,True
37i9dQZF1DXdPec7aLTmlC,True
37i9dQZF1DX0DxcHtn4Hwo,True
37i9dQZF1DX10zKzsJ2jva,True
37i9dQZF1DX4OzrY981I1W,True
37i9dQZF1DXbITWG1ZJKYt,True
37i9dQZF1DZ06evO1aBeik,True
37i9dQZF1DX9j444F9NCBa,True
37i9dQZF1DX68H8ZujdnN7,True
37i9dQZF1DX2WkIBRaChxW,True
37i9dQZF1DWWMOmoXKqHTD,True
37i9dQZF1DX1spT6G94GFC,True
37i9dQZF1DWXe9gFZP0gtP,True
37i9dQZF1DX4fpCWaHOned,True
37i9dQZF1DXbcPC6Vvqudd,True
37i9dQZF1DX0jgyAiPl8Af,True
37i9dQZF1DX7FY5ma9162x,True
37i9dQZF1DWStljCmevj7t,True
37i9dQZF1DWZCdOD1jAvLL,True
37i9dQZF1DX1rVvRgjX59F,True
37i9dQZF1DWVFeEut75IAL,True
37i9dQZF1DX5Vy6DFOcx00,True
37i9dQZF1DX6bnzK9KPvrz,True
37i9dQZF1DXdxUH6sNtcDe,True
37i9dQZF1DX7KNKjOK0o75,True
37i9dQZF1DZ06evO1xnOx2,True
37i9dQZF1DX0BcQWzuB7ZO,True
