ID,Name,CACHED
003f4bk13c6Q3gAUXv7dGJ,Wiener Philharmoniker,True
00erTY7OuCOdNTN36srPNN,James Hong,True
00FQb4jTyendYWaN8pK0wa,Lana Del Rey,True
00sazWvoTLOqg5MFwC68Um,Yann Tiersen,True
00tVTdpEhQQw1bqdu8RCx2,Blue Öyster Cult,True
01XYiBYaoMJcNhPokrg0l0,STAYC,True
021hNAnkFIbyFyL97br6NB,Kellie Pickler,True
0289SkqAn0iOohwm0pIHv3,Pat Barrett,True
02CZQLikIIoZB7rhBk5PvT,Maria Botican,True
02kJSzxNuaWGqwubyUba0Z,G-Eazy,True
02NfyD6AlLA12crYzw5YcR,Jane's Addiction,True
02onqdkvTxxy6tNJWnjnFU,Joseph Boulogne Chevalier de Saint-Georges,True
02rd0anEWfMtF7iMku9uor,Reba McEntire,True
02seUFsFQP7TH4hLrTj77o,Nathaniel Rateliff & The Night Sweats,True
02UYAhAK74cyfh0UU0yngz,Vita Alexander,True
02wB0F6h57bxak35tylWeF,Sarah Bainscroft,True
02YLJJnWC7YQVixkjEBRn7,Billie Marten,True
03d2mJXSMtuPI0nIvLnhoS,Zoe Wees,True
03evdtQP9vcuqdDU6hOluN,Nick Nash,True
03MbnQnCTCSiRWUbmEgo2r,The Earth Song,True
03r4iKL2g2442PT9n2UKsx,Beastie Boys,True
03YhcM6fxypfwckPCQV8pQ,Wes Montgomery,True
04BNblybwoPZhAYiKPLKUQ,Ley Soul,True
04gDigrS5kc9YWfZHwBETP,Maroon 5,True
04hDeBzE5iAfVUqJDHobCQ,Mylène Longet,True
04kScQiBaLpLuCR1rh20Dd,Sir Thomas Beecham,True
04NM7FYXlUYU2HiH3GrOIu,QuietMike,True
0521x50ZcNqqT1fKMJg5c5,Max Bruch,True
053q0ukIDRgzwTr4vNSwab,Grimes,True
0543y7yrvny4KymoaneT4W,Peter Frampton,True
05E3NBxNMdnrPtxF9oraJm,Lester Young,True
05oH07COxkXKIMt6mIPRee,Brandy,True
06HL4z0CvFAxyc27GXpf02,Taylor Swift,True
06nvjg4wBANK6DCHjqtPNd,Mahmood,True
06r7F3mEYRJxjksrVsurYJ,Sabrina McGregor,True
06vEAqcicwoSBw85e8biJx,Rêve,True
06wu7ToAH3I9mIZNrOKSgV,Misa Hiro,True
071OvtGYQ4tEbj8YMxN0du,Jason Lumen,True
07CimrZi5vs9iEao47TNQ4,Flowdan,True
07d5etnpjriczFBB8pxmRe,BJ The Chicago Kid,True
07V3atNq2TyPNDYmzp6Dyy,Reese LAFLARE,True
07X67zCYYsPRNHdxx0OYFL,Mykola Koval,True
07XSN3sPlIlB2L2XNcTwJw,KISS,True
07YZf4WDAMNwqr4jfgOZ8y,Jason Derulo,True
08b2PA6eFyugsWAk41eQKZ,Lesley Gore,True
08F3Y3SctIlsOEmKd6dnH8,Yusuf / Cat Stevens,True
08GQAI4eElDnROBrJRGE0X,Fleetwood Mac,True
08HpiyWkp2Z7gFTkVae265,Brandon,True
08Ld63UgKrJ0nZnCkzHtzc,Project Pat,True
08PvCOlef4xdOr20jFSTPd,Flo Milli,True
099eQJfZHFRrXejOGPzGY3,Lana Jax,True
09A1kpyGbzYAPb8cEvee64,Stevie J,True
09dDdtfi4mWLdC2BHOrIrl,Terry Jacks,True
09hVIj6vWgoCDtT03h8ZCa,A Tribe Called Quest,True
09KZU0NsS7jRa5p0SflmGY,Philharmonia Orchestra,True
0A0FS04o6zMoto8OKPsDwY,YG,True
0a1gHP0HAqALbEyxaD5Ngn,Rascal Flatts,True
0AkpPlFLnr0VQwZQeMGht0,Modjo,True
0aMrhUHnOzfiPcMc2PGiaT,Galdive,True
0AqlFI0tz2DsEoJlKSIiT9,Emilia,True
0aqrM7Fo3Ml66Kc5JAzmjt,Deana Carter,True
0AuW7OCyKfFrsMbtHrYgIV,House Of Pain,True
0b1sIQumIAsNbqAoIClSpy,j-hope,True
0B3N0ZINFWvizfa8bKiz4v,James TW,True
0b9ukmbg0MO5eMlorcgOwz,Mr. Oizo,True
0bc7dhY6YXL35m1G0jVwuW,Keith Whitley,True
0bdJZl7TDeiymDYzMJnVh2,Preme,True
0bfX8pF8kuHNCs57Ms4jZb,Roscoe Dash,True
0bouHpX4JiuPnIfP2jFxRi,Khatia Buniatishvili,True
0BvkDsjIUla7X0k6CSWh1I,Luke Bryan,True
0bz9hDpUbAw5JElgEiuIYZ,Matt Redman,True
0C0XlULifJtAgn6ZNCW2eu,The Killers,True
0c173mlxpT3dSFRgMO8XPh,Big Sean,True
0C86lmpnwiyLDUiyo4d0P1,BRELAND,True
0C8ZW7ezQVs4URX5aX7Kqx,Selena Gomez,True
0cA5Tg15TwARIRZeiNT1RO,Dan Fogelberg,True
0CbeG1224FS58EUx4tPevZ,Timmy Trumpet,True
0cc6vw3VN8YlIcvr1v7tBL,Mötley Crüe,True
0cGUm45nv7Z6M6qdXYQGTX,Kehlani,True
0CmvFWTX9zmMNCUi6fHtAx,THE BOYZ,True
0Cp8WN4V8Tu4QJQwCN5Md4,BENEE,True
0cQuYRSzlItquYxsQKDvVc,The Guess Who,True
0Cs47vvRsPgEfliBU9KDiB,D.O.D,True
0d6alfZHUx3xoRnPjkTL7Q,Alice Sara Ott,True
0daVGEYMVnQZ3NZIpIuFWn,The Cambridge Singers,True
0dEvJpkqhrcn64d3oI8v79,Barenaked Ladies,True
0dicUFoK5LIbqu6OoHu8VH,Sir Georg Solti,True
0dkcQCK8GjDBCGrjlUJhlg,NARCY,True
0dlOr0VIysztGWvU1dpjmP,Natalie Imbruglia,True
0dlwjJe4kg9TgOMN184bJF,Mark Wills,True
0dS5xeDefwoUNasLUHnCjR,Cappadonna,True
0du5cEVh5yTK9QJze8zA0C,Bruno Mars,True
0dYkMe3wK29DulSa0uR8Rq,Rickie Lee Jones,True
0e86yPdC41PGRkLp2Q1Bph,Mother Mother,True
0ECwFtbIWEVNwjlrfc6xoL,Eagles,True
0eDvMgVFoNV3TpwtrVCoTj,Pop Smoke,True
0eFEGw7eoz5CUwfvssyzjK,Graham Lullington,True
0eHQ9o50hj6ZDNBt6Ys1sD,Yandel,True
0elWFr7TW8piilVRYJUe4P,Natanael Cano,True
0EmeFodog0BfCgMzAIvKQp,Shakira,True
0EodhzA6yW1bIdD5B4tcmJ,Bobby Darin,True
0epOFNiUfyON9EYx7Tpr6V,The Strokes,True
0eRbECAGCLLiTyVXPBRexU,Jon Batiste,True
0ErzCpIMyLcjPiwT4elrtZ,NLE Choppa,True
0EUOUMWVFwBTkjzcJrgQJQ,Rain Rec.,True
0ExT57wmZSDy4h6wT1AGqs,Remy Simon,True
0EyuKHE1AeE9lWUF8mzKVp,Fuel,True
0f1IECbrVV952unZkzrsg2,Mc Gw,True
0F3Aew9DSd6fb6192K1K0Y,Keith Jarrett,True
0f3EsoviYnRKTkmayI3cux,Men At Work,True
0fA0VVWsXO9YnASrzqfmYu,Kid Cudi,True
0FCH53d9OEyXLQeWb6ZYrQ,Kim Rodgers,True
0FGntfmb5IeEmKT9WUHgSX,Solitudes,True
0fiWOxhsBsQQvFDtxUQWo0,Brett Young,True
0FMucZsEnCxs5pqBjHjIc8,Stan Getz,True
0fRVato4gM8ssGJnXoV6dS,Hannah Westman,True
0fVqst4UD6o7SKW6SsWPfU,NXSTY,True
0G070wUUUBptmqGEKAAUVx,U-God,True
0gAd6Hy6KbkeWOop5aTMqQ,Tom Ellenhag,True
0gadJ2b9A4SKsB1RFkBb66,Passenger,True
0GByy3DcfbQwDvXGCWmzv9,Pretenders,True
0GG2cWaonE4JPrjcCCQ1EG,SG Lewis,True
0GgY7hjMoGDsX8ZDe2mwds,Soolking,True
0ghlgldX5Dd6720Q3qFyQB,TOMORROW X TOGETHER,True
0GM7qgcRCORpGnfcN2tCiB,Tainy,True
0gOrXuu1vCBXe3pwTyb5Ca,Valentina Lisitsa,True
0gqIrDRL7CEPBWMmkuZPdQ,Digable Planets,True
0grdhNhiRLFBaFVyybqsj6,Richard Marx,True
0Grjlu7ncIuCaSYvCs9fcd,New Radicals,True
0gxyHStUsqpMadRV0Di1Qt,Rick Astley,True
0H39MdGGX6dbnnQPt6NQkZ,SAINt JHN,True
0h9O8A9Z4u2sSj79DxyjKx,Amaia Bescós,True
0h9smro0z3HqUbD94jotU8,Smokey Robinson,True
0haZhu4fFKt0Ag94kZDiz2,Sofía Reyes,True
0hCNtLu0JehylgoiP8L4Gh,Nicki Minaj,True
0HdNDZaNm7xLt18v9aWDfe,Fritz Kreisler,True
0hEurMDQu99nJRq8pTxO14,John Mayer,True
0hIG9FXgjQxT8fKaYceFbA,Itzhak Perlman,True
0hkJB3BXR3zHTu6JXW80zS,Luca Spencer,True
0HthCchcL0kVLHTr113Vk1,mxmtoon,True
0huGjMyP507tBCARyzSkrv,Cordae,True
0hWj5Qhik6MeR8OgrX7QQs,Gabrielle Sarrov,True
0IdYRFTswLdsGwSnzOaGNF,Gretchen Wilson,True
0iEtIxbK0KxaSlF7G42ZOp,Metro Boomin,True
0IF46mUS8NXjgHabxk2MCM,Kelis,True
0iOVhN3tnSvgDbcg25JoJb,Etta James,True
0iTkPxRldzi5lmS6qZ70JV,C.W. McCall,True
0iui2Be5CP8EWxvHYsVspL,Breakbot,True
0IuqAyi5CMgpuyhckrcqNs,Mariss Jansons,True
0JDkhL4rjiPNEp92jAgJnS,Roy Orbison,True
0Je74SitssvJg1w4Ra2EK7,4 Non Blondes,True
0jgAONnsHxrwAlhkMUVS78,Eddie Rabbitt,True
0JIVfIfdmw45EoZuIWSZqa,Sleepy Sine,True
0JM134st8VY7Ld9T2wQiH0,Coleman Hawkins,True
0jnsk9HBra6NMjO2oANoPY,Flo Rida,True
0JohphlOxBRMHrYLcWvIFN,Pleij,True
0jRqFvRKCDryHOgrgFqsKG,Fools Garden,True
0jUQSUOcM7lxVn5eVGTkzQ,Justine Skye,True
0JXsWES2h8yg0TKw7obalI,Stephanie Hawk,True
0k17h0D3J5VfsdmQ1iZtE9,Pink Floyd,True
0K23lQ2hSQAlxSEeZ05bjI,Boston Symphony Orchestra,True
0k7Xl1pqI3tu8sSEjo5oEg,Paul Wall,True
0kbYTNQb4Pb1rPbbaF0pT4,Miles Davis,True
0Kekt6CKSo0m5mivKcoH51,Sergei Rachmaninoff,True
0khalqPDXKHMDan1ntiuiw,Emily McQueen,True
0knq7j3TMUmMrBBpeXdx1C,Kisti Na,True
0kqpe0tVo45rneU3mFLheu,Peaceful Me,True
0Ku5VBNL7cfGXRhp2BxXEQ,Charles Dutoit,True
0KuRSjM6OFX0mH6GW5Shvy,Michael Reiss,True
0KyCXNSa7ZMb5LydfKbLG3,David Lee Roth,True
0L8ExT028jH3ddEcZwqJJ5,Red Hot Chili Peppers,True
0LcJLqbBmaGUft1e9Mm8HV,ABBA,True
0ldU0QJm31y0d6f57R1G2A,Oscar Peterson Trio,True
0lJlKQvuM2Sd9DPPyUXcHg,Sixpence None The Richer,True
0LnIcNhu7arRU9zzbCuYA7,Mia Sander,True
0LtGkeRp03UAHQZNKrQ4XC,Kyung Wha Chung,True
0LtVJXnPR8msCJiE2DjHxy,Angela Lansbury,True
0LyfQWJT6nXafLPZqxe9Of,Various Artists,True
0lZoBs4Pzo7R89JM9lxwoT,Duran Duran,True
0mA4dkNGiN4fqTBi2SLlAv,Edgardo Nuñez,True
0ME1RawvWt3qOJnYnxVqeh,Masta Killa,True
0MIELhUkO2GlHsYfatULMO,Tim Eshin,True
0MlOPi3zIDMVrfA9R04Fe3,American Authors,True
0MO42HJhUFrv078qALxpPQ,Luke Evans,True
0MvSBMGRQJY3mRwIbJsqF1,Royal Philharmonic Orchestra,True
0Mz5XE0kb1GBnbLQm2VbcO,Mos Def,True
0mzTssRDPIQVH5wSNzOdFZ,Fefe Dobson,True
0N5PyKJzS3M1XNlaCL7bbE,Wilson Pickett,True
0n94vC3S9c3mb2HyNAOcjg,The Head And The Heart,True
0NAWq4CW7DxGwgIm1Ock5C,Tizzo,True
0NbfKEOTQCcwd6o7wSDOHI,The Game,True
0NGAZxHanS9e0iNHpR8f2W,Alok,True
0niJkG4tKkne3zwr7I8n9n,Finger Eleven,True
0NIPkIjTV8mB795yEIiPYL,Wallows,True
0nJCGnCYFNKjjgHnEaDyUu,Sweet Sol,True
0NKDgy9j66h3DLnN8qu1bB,Eurythmics,True
0NkmvuSD5Pm8zucjwIpChS,La Zarra,True
0nmQIMXWTXfhgOBdNzhGOs,Avenged Sevenfold,True
0Nn9YwJzcaeuU1jJL06e3r,The Knack,True
0nnBZ8FXWjG9wZgM2cpfeb,Leon Thomas,True
0NWbwDZY1VkRqFafuQm6wk,Mike WiLL Made-It,True
0nyc9SZGLITSOJASmTZsnZ,LEN,True
0O35NR0LgBXsui6L5VOOq3,K.S Makhan,True
0oBEeN6BCxEgMogzThqrPf,Big & Rich,True
0OcclcP5o8VKH2TRqSY2A7,Howard Shore,True
0OE0p1vArNd1epQquyu8gR,Guri Deputy,True
0oi41A3WnpwtHeRIctpGNV,Titus S.,True
0oKYiTD5CdNbrofRvM1dIr,Alice Coltrane,True
0oSGxfWSnnOXhD2fKuz2Gy,David Bowie,True
0OTnx2X2FDXeewcm72lavT,Alison Krauss & Union Station,True
0OzxPXyowUEQ532c9AmHUR,Giacomo Puccini,True
0p4nmQO2msCgU4IF37Wi3j,Avril Lavigne,True
0p4ViyfJUTW0IT4SCBLexf,Drakeo the Ruler,True
0pCNk4D3E2xtszsm6hMsWr,K.Flay,True
0PFtn5NtBbbUNbU9EAmIWF,TOTO,True
0PRbFVcIjvJfd4NaHLBxjJ,Jody R,True
0pWR7TsFhvSCnbmHDjWgrE,Creepy Nuts,True
0qAmeOULjwn04k6jMMeDyr,Mary Chapin Carpenter,True
0QaSiI5TLA4N7mcsdxShDO,Sub Focus,True
0qEO82Hj3SvjoNyEfKpRku,Krzysztof Penderecki,True
0QHgL1lAIqAw0HtD7YldmP,DJ Khaled,True
0QJIPDAEDILuo8AIq3pMuU,M.I.A.,True
0qlhpgr87PEG89Jd5iRpxe,John Rutter,True
0qNrNX9FKJM0ZJFbcbMlMp,Shreez,True
0qT79UgT5tY4yudH9VfsdT,Sum 41,True
0qTZZWLzuD59Un5r1speHm,Chris Jedi,True
0qVJFO1tdBqdhHfwcBoHfE,Alexa Popov,True
0RESbWvOMyua0yuyVrztJ5,Key Glock,True
0roWUeP7Ac4yK4VN6L2gF4,Gioachino Rossini,True
0RqtSIYZmd4fiBKVFqyIqD,Thirty Seconds To Mars,True
0RYljGNR9lf53Pg1BrHNQc,Emanuel Fremont,True
0rZp7G3gIH6WkyeXbrZnGi,Novo Amor,True
0sABleOLUMLgjJa6mpIaVc,Lucerne Festival Strings,True
0SD4eZCN4Kr0wQk56hCdh2,Bonnie Tyler,True
0SfsnGyD8FpIN4U4WCkBZ5,Armin van Buuren,True
0sHeX8oQ6o7xic3wMf4NBU,Supergrass,True
0shHIQr8VamXbzM66kwGQo,TATOOL,True
0smy8yDrRoI4CnhpOuthg0,Corey Hart,True
0sT01j0t90pOjUgS61doJw,The Pearlie Chorus,True
0Suv0tRrNrUlRzAy8aXjma,Haddaway,True
0SVd0yQpJ6xcZ3vTKXUaro,Chxrry22,True
0svyIX7Xu3DVMkrOtB88i6,Diamond Rio,True
0SwO7SWeDHJijQ3XNS7xEE,MGMT,True
0TF2NxkJZPQoX1H53rEFM1,Gladys Knight & The Pips,True
0TImkz4nPqjegtVSMZnMRq,TLC,True
0TJB3EE2efClsYIDQ8V2Jk,Elbow,True
0TKFPt9w0AAEnhB9bd0pLy,LUM!X,True
0tkHE1pQ5ZCgQb8WZ0ba79,Gaeko,True
0tMQJ9EVT0vfsG67K867kR,Secret Medicine,True
0tmwSHipWxN12fsoLcFU3B,Manuel Turizo,True
0TnOYISbd1XYRBk9myaseg,Pitbull,True
0TNR9PuUgbrCPci3tolmNT,Sleep Sound Factory,True
0tO3KaRy0ZACd8XJYT3IX2,Eric 'ET' Thorngren,True
0TqIPD4IS1w4e30R38B3vj,Rupert Holmes,True
0TrG2LSot4KhaXqdf5K2zE,Sir Colin Davis,True
0ty0xha1dbprYIUAQufkFn,Patti LaBelle,True
0Ty63ceoRnnJKVEYP0VQpk,Sting,True
0u2FHSq3ln94y5Q57xazwf,Keith Urban,True
0u6GtibW46tFX7koQ6uNJZ,Topic,True
0ukgrNYk51TkMQr0f2Br4Q,Maverick Sabre,True
0uq5PttqEjj3IH1bzwcrXF,Spice Girls,True
0UssK1rMiTP251lIwkpHwr,Cheetah,True
0UWZUmn7sybxMCqrw9tGa7,Juanes,True
0vaKiuLwFJLVU664A8GTjE,Jace,True
0VbIlorLz3I5SEtIsc5vAr,Queen Pen,True
0vF49H73xGuKS1vRSNN3av,Anthony Hide Trio,True
0vHAWbRVMR4fNF1ABEe8D2,Leshaun,True
0vn7UBvSQECKJm2817Yf1P,James Taylor,True
0vN920jukdAbErvjo2OJ2o,Zaho,True
0vqJkZ0RpLZixt3lTmD8vP,Whethan,True
0VRj0yCOv2FXJNP47XQnx5,Quavo,True
0vYkHhJ48Bs3jWcvZXvOrP,Patti Smith,True
0VzjGHBEq1AjqXabKQIRUm,Emergence Quartet,True
0W498bDDNlJIrYMKXdpLHA,Roberta Flack,True
0wiCfDEHaEcPkKZOi7Nivl,Yamê,True
0WiK9IsQEQEuIQ1iDxvuPg,Johann Nepomuk Hummel,True
0wnYgCeP013HkKoOyC5V32,Allie X,True
0WwSkZ7LtFUFjGjMZBMt6T,Dire Straits,True
0X2BH1fck6amBIoJhDVmmJ,Ellie Goulding,True
0X380XXQSNBYuleKzav5UO,Nine Inch Nails,True
0x83OBqixqdCHnStP5VMcn,The Shirelles,True
0x8J72N9ilqcIZbWEKB8T2,Mychael Danna,True
0XgLBVrCtSZJPvb0s33e79,Karam Brar,True
0xHw5qPRSEc8sUmSmXf5sw,Antonio Pappano,True
0XIQZ8AnQiQ0f5l2mJiCfM,Gil Sunniver,True
0Xk15jHKly4c3AhPr5vjoA,Alan Silvestri,True
0XKOBt59crntr7HQXXO8Yz,Brooks & Dunn,True
0XNa1vTidXlvJ2gHSsRi4A,Franz Ferdinand,True
0XwVARXT135rw8lyw1EeWP,Christian Nodal,True
0xxJO75NeIAF5jYruLYIDT,Tracy Byrd,True
0y33MPw94ln3pVCaRYAfE8,Syko Bob,True
0Y3agQaa6g2r0YmHPOO9rh,Davido,True
0y59o4v8uw5crbN9M3JiL1,Badshah,True
0Y5tJX1MQlPlqiwlOH1tJY,Travis Scott,True
0Y8KmFkKOgJybpVobn1onU,Luciano Pavarotti,True
0yA6zmKmNXjUPSZyfDZji7,Black Bear,True
0yAcZP2jxBzykyUu92Wm2Z,Oscar Holch,True
0YC192cP3KPCRWx8zr8MfZ,Hans Zimmer,True
0YinUQ50QDB7ZxSCLyQ40k,Mustard,True
0YMeriqrS3zgsX24nfY0F0,The Tragically Hip,True
0YPElKYjOD1sofFCtLdYj3,Mandisa,True
0yYltyXzxr0Jqn9jM1Firq,Orchestre de Chambre de Lausanne,True
0z4gvV4rjIZ9wHck67ucSV,Akon,True
0ZA7bWb2UEatiixLiriYE7,Diego de Frigiliana,True
0ZED1XzwlLHW4ZaG4lOT6m,Julia Michaels,True
0zp9qNDSeYi3QEodhcKAAA,Lebo M.,True
0ZpPLGn0OkRMl2Y9Twn16K,G-Rex,True
0ZqhrTXYPA9DZR527ZnFdO,Wayne Shorter,True
0ZvsEkINadmEV4qzS4ollh,Qing Madi,True
10Bo1ofGMWr6hFD7OM7W7r,Deeper Purpose,True
10exVja0key0uqUkk6LJRT,Vance Joy,True
11Y54BxlxC3UIAUkU2eadQ,Rend Collective,True
11zHPjHnZN0ACA50rSnTcy,Nada Surf,True
12Chz98pHFMPJEknJQMWvI,Muse,True
12GqGscKJx3aE4t07u7eVZ,Peso Pluma,True
12h32e6YMBk03yUo8tySbQ,Citys Of Collides,True
12vb80Km0Ew53ABfJOepVz,Ñengo Flow,True
12WCXE6DlRcCn2rEShNepL,Simon Franglen,True
12zbUHbPHL5DGuJtiUfsip,Julien Baker,True
12Zk1DFhCbHY6v3xep2ZjI,070 Shake,True
137W8MRPWKqSmrBGDBFSop,Wiz Khalifa,True
1385hLNbrnbCJGokfH2ac2,Franz Liszt,True
13dkPjqmbcchm8cXjEJQeP,Glenn Gould,True
13mwoUnL4dMAlzHXEtTCSu,Falk Tyler,True
13ubrt8QOOCPljQ2FL1Kca,A$AP Rocky,True
13y0kncDD4J9wxCyfKr10W,Bette Midler,True
13y7CgLHjMVRMDqxdx0Xdo,Gucci Mane,True
13YmWQJFwgZrd4bf5IjMY4,Brad Paisley,True
13yWtUnz63q5VIs5SwoMhy,HUH YUNJIN,True
144HzhpLjcR9k37w5Ico9B,Deborah de Luca,True
1456WwI15Lm9CktCzkLZvm,Josh Gracin,True
14CHVeJGrR5xgUGQFV5BVM,Fivio Foreign,True
14L5rpGTLVUz1pD8fUeJB1,Eliza Doolittle,True
15FyiY3ChN0QRspHIQYq0W,Dion,True
15iVAtD3s3FsQR4w1v6M0P,Chief Keef,True
15QTSK7NBFJawaoxQALt9s,Rundfunk-Sinfonieorchester Berlin,True
15UsOTVnJzReFVN1VCnxy4,XXXTENTACION,True
163tK9Wjr9P9DmM0AVK7lm,Lorde,True
164Uj4eKjl6zTBKfJLFKKK,JVKE,True
165ZgPlLkK7bf5bDoFc6Sb,Limp Bizkit,True
16azKEAxILijPKm6gQf9Rb,Quinn Perry Trio,True
16eM95zw2t0KRDniuNFKVt,Molly Lewis,True
16oZKvXb6WkQlVAjwo2Wbg,The Lumineers,True
16RcZW1nYsx9RJ1gKSR4JG,May Laude,True
16rCzZOMQX7P8Kmn5YKexI,Mahalia,True
179MtpbgyNgeNnwNVqnn4p,Avi Kaplan,True
17hR0sYHpx7VYTMRfFUOmY,Maurice Ravel,True
17lzZA2AlOHwCwFALHttmp,2 Chainz,True
17pyV0hn7BcEd4esh9GvHX,Brennan Lynch,True
181bsRPaVXVlUKXrxwZfHK,Megan Thee Stallion,True
186IEnMYqWBPOAFn78wTPB,Aliocha Schneider,True
18ql1O0CcgLfH59H18jrOc,Xavier H Summers,True
195UO4AUwZfApowkBDD3i8,Moody Me,True
19eLuQmk9aCobbVDHc6eek,Louis Armstrong,True
19k8AgwwTSxeaxkOuCQEJs,Jelly Roll,True
19MFUmiYwTLD77ECnzbVWa,Mathis,True
19oxtDOnRGGA3qsQF6I7e3,Robert Levin,True
19ra5tSw0tWufvUp8GotLo,George Michael,True
19y5MFBH7gohEdGwKM7QsP,Luther Vandross,True
1A92IAcd7A6npCA33oGM5i,The Proclaimers,True
1AeC9AuzqGc3IXMC2T5xny,Zakk Wylde,True
1aftUCES5zD5xXI7O9ZF9F,Jann Arden,True
1AhX9oQWyvwH5cYYSQbqUZ,Jeila Sander,True
1anyVhU62p31KFi8MEzkbf,Chance the Rapper,True
1AoIc5YFH0aSFc4mKqBEeB,Jules Massenet,True
1aSxMhuvixZ8h9dK9jIDwL,Kate Bush,True
1aX2dmV8XoHYCOQRxjPESG,The Human League,True
1b1N51wmSK0ckxFAMPSSHO,The Impressions,True
1bauOA5U5M3RwH2euX3Eq6,Valentin Silvestrov,True
1bdnGJxkbIIys5Jhk1T74v,Brandon Lake,True
1BEUkE2CSUgHTLSBMZdnFB,Mae Muller,True
1bgyxtWjZwA5PQlDsvs9b8,Sarah Vaughan,True
1bMx6u2wXC3Ox3Cld6zyGQ,Halcyon Wings,True
1bqxdqvUtPWZri43cKHac8,MAX,True
1bs7HoMkSyQwcobCpE9KpN,The Mamas & The Papas,True
1btWGBz4Uu1HozTwb2Lm8A,Hippo Campus,True
1BxqJ6pOCi8mkSjCbFYjpW,Harry Gregson-Williams,True
1c0LUqvKTiWVsdrIn4LTZz,John Alldis Choir,True
1C3sffOOvQNUwg4YIsvKqy,César Franck,True
1c4rxrxy8eDLvMVL1DTiBe,Andra Day,True
1cKyknhftNKXCjMBd2hDrG,DYSTINCT,True
1cnFAHOmH9W9QqZYhNSoMs,De Seu,True
1co4F2pPNH8JjTutZkmgSm,Ramones,True
1CoZyIx7UvdxT5c8UkMzHd,Jorja Smith,True
1Cs0zKBU1kc0i8ypK3B9ai,David Guetta,True
1csBgT42N4pPPs1HJhxXIK,Thomas Newman,True
1CYsQCypByMVgnv17qsSbQ,"Crosby, Stills, Nash & Young",True
1DFr97A9HnbV3SKTJFu62M,Motörhead,True
1dLWg6m8RRhizsdqJbhyj3,Quiet Riot,True
1duhcJbPuZ66kIsntXd9zn,Passion Mango,True
1eClJfHLoDI4rZe5HxzBFv,INXS,True
1EvGQrV8jKntlYXuPOBKvy,Douglas Gamley,True
1eYhYunlNJlDoQhtYBvPsi,Ray Charles,True
1F32IriH9KUZxZzUoxeQub,bomull,True
1fd3fmwlhrDl2U5wbbPQYN,Apashe,True
1FE0rls8gfQT3laAeRYNgl,Loretta Lynn,True
1Ffb6ejR6Fe5IamqA5oRUF,Bring Me The Horizon,True
1Fl1fc7bZfRVUCffh9Uudx,sma$her,True
1Fmb52lZ6Jv7FMWXXTPO3K,Joan Jett & the Blackhearts,True
1fPc13ccCnGx3gdESGBhYQ,Laurence Nerbonne,True
1FqqOl9itIUpXr4jZPIVoT,The Drifters,True
1FtBEIWAwvw5ymBen5GICR,Chlöe,True
1fUhTALoWXPL6PZSkKImY9,Daniil Trifonov,True
1fuodmtnFQEX05Pbf3rPBm,Vígi Seaghdh,True
1G0YV9WooUBjrwDq0Q7EFK,Charlotte Cardin,True
1g1yxsNVPhMUl9GrMjEb2o,Plain White T's,True
1G9G7WwrXka3Z1r7aIDjI7,Outkast,True
1GaBsp1ICIp1e6udgE7fba,Kevin Lyttle,True
1gALaWbNDnwS2ECV09sn2A,Nightcrawlers,True
1gBUSTR3TyDdTVFIaQnc02,NCT DREAM,True
1GGjTmD1eDeKr73r3VMiIJ,Mila Westman,True
1GKYNY4rIPnOuTfC0J1IWw,Audrey Assad,True
1GlMjIezcLwV3OFlX0uXOv,Lea Salonga,True
1GmsPCcpKgF9OhlNXjOsbS,Lizzy McAlpine,True
1gRNBaI4yn6wCCTvRhGWh8,Don McLean,True
1GuqTQbuixFHD6eBkFwVcb,Sammy Virji,True
1GVuCyb4PlArufUZDUnRQi,southstar,True
1GxkXlMwML1oSg5eLPiAz3,Michael Bublé,True
1gyehD73iVuIYqL6Rltepc,Dionysis Grammenos,True
1h6Cn3P4NGzXbaXidqURXs,Swedish House Mafia,True
1HBjj22wzbscIZ9sEb5dyf,Jonas Blue,True
1HJHwWck1EY096ea2iPAHO,Clifford Brown,True
1hQuWl1dueM7ChRUZRn05z,Opus III,True
1HRiWIhV7rgiL74L2AqZ5W,Rosie Gaines,True
1HwM5zlC5qNWhJtM00yXzG,DMX,True
1HY2Jd0NmPuamShAr6KMms,Lady Gaga,True
1i8SpTcr7yvPOmcqrbnVXY,Ozuna,True
1ibEA5Sl56QTy8j7Tssu9Q,Elma Korn,True
1ifC4znYCvmMSJ0rght5JS,Haux,True
1IppGzPqPv70sKbraW5Q2L,Baby Kia,True
1J2VVASYAamtQ3Bt8wGgA6,Ja Rule,True
1J87mxfzE58rZLrRIOx5I5,Grace Davidson,True
1J9iGTlSe1UKgzNbILBnL8,Universal Waves,True
1jBoSSrbz9n4ehQWA4cZgB,Rob49,True
1JOdUvDAzNy3L37rZ4Nigr,pewdiepie,True
1joFZGTRER78nUsWtgHCHR,Rachel Portman,True
1joqsAPOg4vW2yn2BrEtzQ,Roxane Bruneau,True
1k8sDryfnPptQu6zMlOrp4,Teigen Gayse,True
1KCSPY1glIKqW2TotWuXOR,P!nk,True
1kDGbuxWknIKx4FlgWxiSp,Nothing But Thieves,True
1kEuEpTf7gKcy26IEL9Cw0,Aaron Lynn,True
1KP6TWI40m7p3QBTU6u2xo,BØRNS,True
1l7ZsJRRS8wlW3WfJfPfNS,Christina Aguilera,True
1l8Fu6IkuTP0U5QetQJ5Xt,Fifth Harmony,True
1LfnIuggAY5qQdS4sP1K86,Matthew Mole,True
1LPkJWKv7qfy9HxiZpW8rH,Oscar Roland,True
1lpOgw56wZLDa8gaP6bSIs,Fast & Furious: The Fast Saga,True
1lqW59DUEKqvcHc8mVWBtH,Our Lady Peace,True
1LZEQNv7sE11VDY3SdxQeN,Bee Gees,True
1lZvg4fNAqHoj6I9N8naBM,The Presidents Of The United States Of America,True
1MAazf048soVcELWMYehho,Flows of Sleep,True
1Mbvbes7vW2Pg3bWD9aDgW,Albrecht Mayer,True
1McMsnEElThX1knmY4oliG,Olivia Rodrigo,True
1mcTU81TzQhprhouKaTkpq,Rauw Alejandro,True
1mfDfLsMxYcOOZkzBxvSVW,Cole Swindell,True
1moxjboGR7GNWYIMWsRjgG,Florence + The Machine,True
1mUl05hT77FrwVFW51wOlr,JERRY,True
1Mvzmc04DfxzjMsV6oCohI,jaackson,True
1Mxqyy3pSjf8kZZL4QVxS0,Frank Sinatra,True
1n2pb9Tsfe4SwAjmUac6YT,Jake Owen,True
1NaQOKgddaJipUtmptb7GI,Argy,True
1ngR2isbEhcNEY1fNJZ0Vn,Day Nappers,True
1NRzxuPpdGushT8YmF5NAa,Edison Lighthouse,True
1ntQKIMIgESKpKoNXVBvQg,Kaaris,True
1o2NpYGqHiCq7FoiYdyd1x,Bea Miller,True
1O9LwphbHD5aIvUVGxQqbR,The Art of Nature,True
1Oa0bMld0A3u5OTYfMzp5h,Nate Dogg,True
1Oh5bPXjw5jreVFhKc4jux,Kaka,True
1ooV8YZC1KbpEcrmI8WH0F,Yebba,True
1P3NtjxAwU5gdEev4Pd93O,Gabriella Vargas Luna,True
1P5Mw3FZpNxczbf7s1fCEj,Artists,True
1P8IfcNKwrkQP5xJWuhaOC,LL COOL J,True
1pBLC0qVRTB5zVMuteQ9jJ,Lily-Rose Depp,True
1pBuKaLHJlIlqYxQQaflve,Benny Goodman,True
1PCZpxHJz7WAMF8EEq8bfc,The Byrds,True
1pNP4idjNnhPXDLi0Jz12R,Andre de Ridder,True
1pTuR132U5b4Rizal2Pr7m,Randy Travis,True
1pxJga331SR6kZs2dGXc6a,Solo Yt,True
1Q2ef9yLO1whzfYFTtbd1x,Sim One Say,True
1q7T9rFQ2a2ukA1PU51fo3,Koba LaD,True
1QeC5GwDENQv78O3PCLeZB,Amy Beach,True
1QL7yTHrdahRMpvNtn6rI2,George Frideric Handel,True
1QMgre3BHX161ZHtWMUu6S,Dimension,True
1QO8PBgZ3Cv1xtKyw9ihjT,Byg Byrd,True
1Qp56T7n950O3EGMsSl81D,Ghost,True
1qyXgLYCg0osV4glEYuQIv,Danny,True
1r3tpVQ08jFAA2P4xzV5o4,Gaby Music,True
1r43wW70tnGUauQYvY5w48,BENNETT,True
1r4hJ1h58CWwUQe3MxPuau,Maluma,True
1R6Hx1tJ2VOUyodEpC12xM,Jim Croce,True
1rHOtdmGNr5vcYNw5v7QGC,Kenny Beats,True
1rPf3UFQ9PzH7MafzfHTnG,TWISTED,True
1rRhJIu1ufxCjbmMWon6ax,KZA Produções,True
1RryIbDjpwt00AKkSpCGvP,PJ Harding,True
1RsZrWsACeuDkqAISdeFDi,Lo Larsen,True
1ruutHJcECI7cos2n5TqpO,Nayer,True
1RWNLVpTjMKl8MCFV4SUma,Hanni Licht,True
1RyvyyTE3xzB2ZywiAwp0i,Future,True
1sBkRIssrMs1AbVkOJbc7a,Rick Ross,True
1sdyFmN4bVOcuFDpTVsxBB,Kenny Burrell,True
1ShZZUjkbXCjhwrb18BA8I,Bryce Vine,True
1SIocsqdEefUTE6XKGUiVS,BABYMONSTER,True
1SQRv42e4PjEYfPhS0Tk9E,The Kinks,True
1srU7GzSGHwG1ewjSv6ztq,Quackson,True
1SX44N5qjWuFcCK8WTO0c6,Pam Tillis,True
1sXbwvCQLGZnaH0Jp2HTVc,Linda Ronstadt,True
1SZMaiNHfdUuU0qZKZ6y62,Newsboys,True
1T0wRBO0CK0vK8ouUMqEl5,Tom Jones,True
1t44XSPiW7z8PebleCo7uP,Fateh,True
1T8S48bD91THNKBByWBDyn,Dwayne Johnson,True
1TA5sGRlKUJXBN4ZyJuDIX,Blessd,True
1ThoqLcyIYvZn7iWbj8fsj,Bill Withers,True
1Tie3AZgLQZqYEp8Fv4zOZ,Koe Wetzel,True
1TQJoqACwhfrAKXA9WwO4v,Chamber Choir Of Europe,True
1tqZaCwM57UFKjWoYwMLrw,The Cardigans,True
1TrfxjXu8quyDw05p2bacX,Kenny Dope,True
1TTx0YcbKUtJIZY1HEnh9B,J.Y. Park,True
1TtXnWcUs0FCkaZDPGYHdf,Darell,True
1U1el3k54VvEUzo3ybLPlM,Kali Uchis,True
1U3n3wACHLjc8sS1obMEuf,Alika,True
1u9z4r9MRMjVc4t2bI2z4W,Adio,True
1Uff91EOsvd99rtAupatMP,Claude Debussy,True
1uNFoZAHBGtllmzznpCI3s,Justin Bieber,True
1URGXPcURc0aQzLeph65nK,Bryant Barnes,True
1urjDGTd4iBze91Z1W1gu7,Total,True
1URnnhqYAYcrqrcwql10ft,21 Savage,True
1UTPBmNbXNTittyMJrNkvw,Blake Shelton,True
1UVMANBPVOaIRXTwyxXkXg,Laddi,True
1v3tdpIdBSW14rHUfiEVOv,Lauren Alaina,True
1VbWUxZTRNY2gw3qZ1tg9W,The Corrs,True
1vCWHaC5f2uS3yhpwWbIA6,Avicii,True
1vMPiZo35cD5WuZgp6NO7I,Anneleen Lenaerts,True
1VPmR4DJC1PlOtd0IADAO0,$uicideboy$,True
1vyhD5VmyZ7KMfW5gqLgo5,J Balvin,True
1w5Kfo2jwwIPruYS2UWh56,Pearl Jam,True
1W7FNibLa0O0b572tB2w7t,Pink Sweat$,True
1W8TbFzNS15VwsempfY12H,Charles Mingus,True
1WgXqy2Dd70QQOU7Ay074N,AURORA,True
1wiBLzTI7z9RUwEpNPdFT6,Mase,True
1WRM9i067hd2ujxxi8FI3m,Steppenwolf,True
1WsYCXdezMjn0KoIrLvMmC,Ed Sheeran & Justin Bieber,True
1wvlC6NwleHt1iRD6d5X2C,Foxy Brown,True
1Wx4iiPR6d1bFxxAujNLTL,Gottfried Heinrich Stölzel,True
1x1NsoNPyVy6FlgSLSovSk,Chantal Kreviazuk,True
1xgFexIwrf2QjbU0buCNnp,The Breeders,True
1XkoF8ryArs86LZvFOkbyr,Mary J. Blige,True
1xMxQQ71TIGQgzH4NY0ECM,Peter Kind,True
1xr2G8Hlx4QWmT9HaUbmoO,Young Stoner Life,True
1XspV6teuaJMwVq0QBXZA0,Nicoletta,True
1Xv1qZHJ1hnRlWHRTZ3uci,DANNY AVILA,True
1Xylc3o4UrD53lo9CvFvVg,Zara Larsson,True
1Xyo4u8uXC1ZmMpatF05PJ,The Weeknd,True
1Y8cdNmUJH7yBTd9yOvr5i,Destiny's Child,True
1YfEcTuGvBQ8xSD1f53UnK,Busta Rhymes,True
1Yj5Xey7kTwvZla8sqdsdE,Cris Mj,True
1yLUeehqCm7X7QLRuUfZ1A,The Kidd,True
1yqxFtPHKcGcv6SXZNdyT9,MK,True
1YRqgFNXqRyMDRr8ClS1NL,Kaliii,True
1YuknfkSYTTbolRpwZBOv4,George Gershwin,True
1yxSLGMDHlW21z4YXirZDS,Black Eyed Peas,True
1YzCsTRb22dQkh9lghPIrp,Billie Holiday,True
1YZhNFBxkEB5UKTgMDvot4,Lang Lang,True
1z7b1Pr1rSlvWRzsW3HOrS,Russ,True
1Z8ODXyhEBi3WynYw0Rya6,De La Soul,True
1z9u3vLr7gw6IBS8CP8c2X,BBC Philharmonic,True
1zCiyHNwt0y29fTHrBvamB,Elias Kiefer,True
1zhIzONVRlTfD1VQRauHMl,Chris Cagle,True
1ziXHb2jDpxIxQqIckAZ0I,Orchestre de chambre de Paris,True
1ZN1c1qWEGZNX1pGeKCPpf,Billy Strings,True
1zNqDE7qDGCsyzJwohVaoX,Anne-Marie,True
1zNqQNIdeOUZHb8zbZRFMX,Swae Lee,True
1ZpSaxWCRK3n77MzhFVD3T,MC Vuiziki,True
1zs5AOsqD2b0YfmGNfWni4,Arif Lohar,True
1zuJe6b1roixEKMOtyrEak,Tina Turner,True
1ZwdS5xdxEREPySFridCfh,2Pac,True
1zxDewzd2j1ZdSBGaYcr0y,The Outfield,True
205i7E8fNVfojowcQSfK9m,Dom Dolla,True
20cmhoGvN0eyzhmsHJH1Mg,Luude,True
20gsENnposVs2I4rQ5kvrf,Sam Feldt,True
20iZXzMb8LoWXOeca32i82,Vladimir Ashkenazy,True
20JZFwl6HVl6yg8a4H3ZqK,Panic! At The Disco,True
20p5D2KrE8CGuOjHtxsyTp,Fine Young Cannibals,True
20qISvAhX20dpIbOOzGK3q,Nas,True
20s0P9QLxGqKuCsGwFsp7w,Mario,True
20sxb77xiYeusSH8cVdatc,Meek Mill,True
20wkVLutqVOYrc0kxFs7rA,Daniel Caesar,True
217VkbBQjlErrkiDqNPDPM,Ponzi Skeemz,True
218kRJZ7FJs0hWIk8Ynzhz,Charlie Rich,True
21dooacK2WGBB5amYvKyfM,Smokepurpp,True
21dVknSLCsK37cWozWDZZS,Matt Sassari,True
21E3waRsmPlU7jZsS13rcj,Ne-Yo,True
22bE4uQ6baNwSHPVcDxLCe,The Rolling Stones,True
22wbnEMDvgVIAGdFeek6ET,Benson Boone,True
23BiSNXm5UaRFuusoWisYO,BBC Symphony Orchestra,True
23fqKkggKUBHNkbKtXEls4,Kygo,True
23rleGXVOVVgTk3xgtmfE4,Gordon Lightfoot,True
23Ul4QNOkm2gasKycag0UK,O.G.L.B.,True
23xqmJEN3oVxwzqtNIyR5m,AnnenMayKantereit,True
23zg3TcAtWQy7J6upgbUnj,USHER,True
246dkjvS1zLTtiykXe5h60,Post Malone,True
24eDfi2MSYo3A87hCcgpIL,Ludwig Göransson,True
24o3OUQvNiz3IY9DQhFhnF,Vladimir Spivakov,True
24PJqH46WhB0pUB7NlsFna,Knoc-Turn'al,True
250b0Wlc5Vk0CoUsaCY84M,JENNIE,True
25bvyjHJAszeSV3q0TmEhY,Jazzy B,True
25HXdVQcRMRgDKWbk5cn0G,Renn,True
25IG9fa7cbdmCIy3OnuH57,The Chicks,True
25NQNriVT2YbSW80ILRWJa,Faith Hill,True
25OceRescHJwftJk284v8K,Alexe,True
25oLRSUjJk4YHNUsQXk7Ut,GRiZ,True
25OpIkirunuJjVw6TgTV9M,Federico Mompou,True
25u4wHJWxCA9vO0CzxAbK7,Lukas Graham,True
25uiPmTg16RbhZWAqwLBy5,Charli XCX,True
26dSoYclwsYLMAKD3tpOr4,Britney Spears,True
26j9y8Rq679tININ1Mt4ZV,Tawatha Agee,True
26T4yOaOoFJvUvxR87Y9HO,Bethel Music,True
26VFTg2z8YR0cCuwLzESi2,Halsey,True
27BeGbsWkRPd72UTvknd7i,Jack Brymer,True
27T030eWyCQRmDyuvr1kxY,Scorpions,True
282sN96UnlBm6hhQdpGHMG,Dragon Wind,True
28AyklUmMECPwdfo8NEsV0,Jimmy Buffett,True
28ExwzUQsvgJooOI0X1mr3,Jay Rock,True
28gNT5KBp7IjEOQoevXf9N,Camilo,True
28ot3wh4oNmoFOdVajibBl,NMIXX,True
28uJnu5EsrGml2tBd7y8ts,Vintage Culture,True
293zczrfYafIItmnmM3coR,Chuck Berry,True
29Oq9Nv8zLgu3IvX1tIpbm,Matt Champion,True
29PgYEggDV3cDP9QYTogwv,Carolina Gaitán - La Gaita,True
29WzbAQtDnBJF09es0uddn,Corinne Bailey Rae,True
2a0uxJgbvvIRI4GX8pYfcr,J Hus,True
2aAHdB5HweT3mFcRzm0swc,Glenn Miller,True
2AfmfGFbe0A0WsTYm0SDTx,(G)I-DLE,True
2alhJ7s3IXafk9N2mGHYF2,Dani Doucette,True
2AM4ilv6UzW0uMRuqKtDgN,ZZ Top,True
2ANtgfhQkKpsW6EYSDqldz,Gustav Mahler,True
2AsusXITU8P25dlRNhcAbG,Gotye,True
2Au2mS47rMRkqbU4XJqKMh,Bedouin Soundclash,True
2AUT4fNQ2QC0e2f5pIxOCd,Dem Jointz,True
2B4ZHz4QDWJTXPFPgO5peE,Warren G,True
2b9trXzxgbOKfsHAJoZo9a,Laszlo Teofil,True
2bA6fzP0lMAQ4kz6CF61w8,Toby Keith,True
2BbbmzjRFPhzLWrLQxvlus,Aman Hayer,True
2bEUqI65Ivq1AlsfvCZrKL,Aladdin - Cast,True
2BFpVYblz5isZ4eTnMXUQI,Peaceful Village,True
2BQVRw9md4UKcGUrDXABCD,Tracy Lawrence,True
2bT4eELLlSuDTtZWV2Z3jN,Trooper,True
2BTZIqw0ntH9MvilQ3ewNY,Cyndi Lauper,True
2BVYdY4PyfCF9z4NrkhEB2,Sam & Dave,True
2C32BFATM0fyN4FFTl3fHe,Royal Rain,True
2cBh5lVMg222FFuRU7EfDE,Sophie Ellis-Bextor,True
2cCUtGK9sDU2EoElnk0GNB,The National,True
2CeqZvB8v9HCGr2tVb42rj,Violet Blanca,True
2cFrymmkijnjDg9SS92EPM,blackbear,True
2cGwlqi3k18jFpUyTrsR84,The Verve,True
2CIMQHirSU0MQqyYHq0eOx,deadmau5,True
2cMK99GYN2qw5buZecbKH4,Tim Henson,True
2cnMpRsOVqtPMfq7YiFE6K,Van Halen,True
2cNV8vNe2fPFf6OfGOBbSS,Mark Chesnutt,True
2CvCyf1gEVhI0mX6aFXmVI,Paul Simon,True
2cwhQMikUipIptLocoKOMn,The Sleep Crew,True
2cWZOOzeOm4WmBJRnD5R7I,Normani,True
2d0hyoQ5ynDBnkvAbJKORj,Rage Against The Machine,True
2d3VHzlOEwXvmBdS4pzOPL,LeAnn Rimes,True
2D4FOOOtWycb3Aw9nY5n3c,Declan McKenna,True
2DaxqgrOhkeH0fpeiQq2f4,Oasis,True
2DDcsNRmquB7eoFY1S0oxX,Vayda Sun,True
2dgfCEMSVETFp29mRpiFpz,Patty Smyth,True
2dgVXyeO9BQGDDa16XVfcR,Freefall Forest,True
2DGyhsOLrggY3ORo3GZNf0,Trugoy The Dove,True
2dIgFjalVxs4ThymZ67YCE,Stray Kids,True
2DnqqkzzDKm3vAoyHtn8So,Uncle Kracker,True
2dRsXWVnkku2cMDtV1h6NP,Stanley Turrentine,True
2dTGHCFyCD8uj6tAM9q8ED,Christoph Andersson,True
2dyeCWctcFRt3Pha76ONgb,"Hank Williams, Jr.",True
2e53aHBQdCMKWqHDuyJsjC,Free,True
2E7ynirvqKf8ZF7ATxFkTG,Soothing Dreamscapes,True
2EfG2EoT8GFJrMiilbTVl2,Donna Lewis,True
2Ek1WGW7WeyDoxsZiu0AAd,National Philharmonic Orchestra,True
2ekjTXgjxbWwBX5lTAj4DU,Eric Carmen,True
2EMAnMvWE2eb56ToJVfCWs,Bryson Tiller,True
2eogQKWWoohI3BSnoG7E2U,Donna Summer,True
2EsmKkHsXK0WMNGOtIhbxr,McCoy Tyner,True
2EvTWBcDR6yBKnXj4aCgQp,Tine Mydland,True
2f9ZiYA2ic1r1voObUimdd,Grace Jones,True
2feDdbD5araYcm6JhFHHw7,Labrinth,True
2FjkZT851ez950cyPjeYid,Bobby McFerrin,True
2FKWNmZWDBZR4dE5KX4plR,Diljit Dosanjh,True
2fMvylhnE23sAlyePKK8er,Kenny Dorham,True
2FMZn5P3WATd7Il6FgPJNu,Buck Owens,True
2FT75iYuWmycqYrXbVD9cn,Michael Marshall,True
2FwDTncULUnmANIh7qKa5z,FKJ,True
2FXC3k01G6Gw61bmprjgqS,Hozier,True
2ga7tr3zy7iQ9r2VQ6AMGF,Dr. Teeth and The Electric Mayhem,True
2GBDOaCl73BVUs2RerIme7,Corneille,True
2gBjLmx6zQnFGQJCAQpRgw,Nelly,True
2gClsBep1tt1rv1CN210SO,Gabriel Fauré,True
2GhXDeZqUWAqSpz7So8yUt,Osmo Vänskä,True
2gINJ8xw86xawPyGvx1bla,KRS-One,True
2GIoAorOnT0Yp1jKyTzW7K,BU$HI,True
2GRDbUJRZwKzeiwxrjJdmQ,2Rare,True
2gUMs9PE8XZVQyzCDqaYmW,High School Musical Cast,True
2GUsnUd4hKTZUWYSXKMLae,April Ball,True
2gXmjQIxCO8lMnSncluZaU,Cory Asbury,True
2h93pZq0e7k5yf4dywlkpM,Frank Ocean,True
2HcwFjNelS49kFbfvMxQYw,Robbie Williams,True
2hg54ZO1N0bQXbTlLKWSnc,Carter Ryan,True
2hGh5VOeeqimQFxqXvfCUf,John Coltrane,True
2HHmvvSQ44ePDH7IKVzgK0,Jain,True
2hJPr4lk7Q8SSvCVBl9fWM,Kip Moore,True
2HkAI0YrEcgoR8QdaURqhO,Dimitri Vegas,True
2hlmm7s2ICUX0LVIhVFlZQ,Gunna,True
2HPaUgqeutzr3jx5a9WyDV,PARTYNEXTDOOR,True
2IDLDx25HU1nQMKde4n61a,Rich Brian,True
2iE18Oxc8YSumAU232n4rW,The Jackson 5,True
2iEvnFsWxR0Syqu2JNopAd,Smash Mouth,True
2ifvIECHAlEgPMBuBOJ0lG,Bear McCreary,True
2iIn8H3l2NNBNHFpYKWbfo,The Kingsmen,True
2iM28IgKg89v1o7BTQAVPo,Bruce Hornsby,True
2iojnBLj0qIMiKPvVhLnsH,Trey Songz,True
2iRhuolbUq4A4UP0Pz9SVI,Altered Source,True
2ISMfPtVzHc9jDDVPUEHDa,Phil Harris,True
2IvkS5MXK0vPGnwyJsrEyV,Eric Church,True
2iy394hZHUSLDMIxAnrz8x,The Artistics,True
2JERrrG5RDWd8oVOhpPl2F,New Lab,True
2JfVCMa3FlvQRlLT5uH9zb,Nancy Wilson,True
2jFZlvIea42ZvcCw4OeEdA,Count Basie,True
2jku7tDXc6XoB6MO2hFuqg,Tory Lanez,True
2jlWF9ltd8UtoaqW0PxY4z,The Halluci Nation,True
2jOm3cYujQx6o1dxuiuqaX,RIIZE,True
2JSjCHK79gdaiPWdKiNUNp,Dionne Warwick,True
2jw70GZXlAI8QzWeY2bgRc,Nelly Furtado,True
2jzc5TC5TVFLXQlBNiIUzE,a-ha,True
2k1Qcdf3sOJYCNZEPus58Y,Gary Peacock,True
2K9qsrYnsu1EWt7ZQkkuXb,Ray Volpe,True
2KC9Qb60EaY0kW4eH68vr3,ITZY,True
2kgaihMoGZ9AeL17aug2Fb,Samuel Kahn,True
2kGBy2WHvF0VdZyqiVCkDT,Father John Misty,True
2kHxkdiKCSnHMkhIgFBZaI,Kristen Bell,True
2kreKea2n96dXjcyAU9j5N,The Pointer Sisters,True
2kRfqPViCqYdSGhYSM9R0Q,Madison Beer,True
2kucQ9jQwuD8jWdtR9Ef38,Sam Hunt,True
2Kx7MNY7cI1ENniW7vT30N,Norah Jones,True
2kXJ68O899XvWOBdpzlXgs,Nikolai Rimsky-Korsakov,True
2kXKa3aAFngGz2P4GjG5w2,SCH,True
2ledyuziz6YjLK5Dw483Oc,DJ Paul,True
2LFbgsbEhfilNpQYW7mied,Shane & Shane,True
2lfhRHLz3kC17tcVKJqJ4Y,Vernon Handley,True
2LhsePRtgCo4THVKULQBL7,L.V.,True
2LIk90788K0zvyj2JJVwkJ,Jack Harlow,True
2LJxr7Pt3JnP60eLxwbDOu,Mandy Moore,True
2lp225d2g9UWyBXtEFclwl,William Gossard,True
2LRoIwlKmHjgvigdNGBHNo,Feid,True
2LxnoYPOe0FCLC82R3xgO2,Valery Gergiev,True
2lzZvKC270yTvCR38zFsH5,The White Noise Travelers,True
2m62cc253Xvd9qYQ8d2X3d,The Alan Parsons Project,True
2m8ROV7jEwm66LBxUNhUMt,Sonny Wern,True
2mCd5QO8EUB5rmbGUbCrTJ,The Trews,True
2Mi20SSCqDqjMRsJXHD72f,Orchestra dell'Accademia Nazionale di Santa Cecilia,True
2mLA48B366zkELXYx7hcDN,Peggy Gou,True
2MMdTWWDamS8wyZJ6Hosch,Teodor Currentzis,True
2mpeljBig2IXLXRAFO9AAs,Dido,True
2MqhkhX4npxDZ62ObR5ELO,Hoobastank,True
2MtNVvbfAnblCOA9RXKfBx,Furna,True
2Mu5NfyYm8n5iTomuKAEHl,Ms. Lauryn Hill,True
2mVVjNmdjXZZDvhgQWiakk,Khruangbin,True
2n2RYY4hIGJqbPkFyxsc18,Deadbeats,True
2n6EstH6raQHsVPAz4zIYI,Ethereal Nexus,True
2NjfBq1NflQcKSeiDooVjY,Tones And I,True
2nQKUeZeleLGNsJj6WLUXN,Oliver Nelson,True
2O25jw9AGamJtHPzUnCSz9,Maria Isabel Ferrer,True
2o5jDhtHVPhrJdv3cEQ99Z,Tiësto,True
2o8gT0fQmFxGNbowbdgeZe,DPR IAN,True
2OaHYHb2XcFPvqL3VsyPzU,Rico Nasty,True
2ocNI6hLYU6rqq6TT4YzNY,Phillipp Vogler,True
2OgUPVlWYgGBGMefZgGvCO,Queensrÿche,True
2oQX8QiMXOyuqbcZEFsZfm,El Alfa,True
2oX42qP5ineK3hrhBECLmj,Andy Grammer,True
2p0UyoPfYfI76PCStuXfOP,Franz Schubert,True
2p1fiYHYiXz9qi0JJyxBzN,Skepta,True
2P3cjUru4H3fhSXXNxE9kA,Blackstreet,True
2p4aN0Uxkk3iT3HK0cJ2cJ,Tokischa,True
2P5sC9cVZDToPxyomzF1UH,Joey Bada$$,True
2P6ygesd9xg5DPOBnda2jg,Arvo Pärt,True
2pdvghEHZJtgSXZ7cvNLou,"Crosby, Stills & Nash",True
2PJEagPIxaBugeMjIyKVXF,Aitch,True
2PSiyldxmJze7xiqbz658m,Spin Doctors,True
2PSJ6YriU7JsFucxACpU7Y,CHUNG HA,True
2PsjBHyb950JI7BHXY10TD,Cool & Dre,True
2ptmyXoL7poH6Zq62h1QT9,Merle Haggard,True
2q10Wskc3lPYmEuV7rzMCv,Anthony Gonzalez,True
2qAwMsiIjTzlmfAkXKvhVA,Armani White,True
2QmLFuIDtNDmmJY3OtvinN,Meredith Brooks,True
2QOIawHpSlOwXDvSqQ9YJR,Antonio Vivaldi,True
2QONtzTPgMymeO5VVQ4w3h,AHNAMUSICA,True
2qoQgPAilErOKCwE2Y8wOG,GloRilla,True
2QsynagSdAqZj3U9HgDzjD,Bob Marley & The Wailers,True
2qxJFvFYMEDqd7ui6kSAcq,Zedd,True
2R21vXR83lH98kGeO99Y66,Anuel AA,True
2r9qoFx4EhGP8RYFQ4eMIE,David Leonard,True
2rc78XDH9zuJP6bm78lU8Z,Derek & The Dominos,True
2RDOrhPqAM4jzTRCEb19qX,Sheck Wes,True
2RdwBSPQiwcmiDo9kixcl8,Pharrell Williams,True
2rhFzFmezpnW82MNqEKVry,Ski Mask The Slump God,True
2RJBv9wXbW6m539q9NOfW1,Soprano,True
2RlWC7XKizSOsZ8F3uGi59,Ammy Virk,True
2rmkQLzj0k4nZdQehOUByO,Chino Pacas,True
2RP4pPHTXlQpDnO9LvR7Yt,Lianne La Havas,True
2RpHsROrX075xfIwHn6B2U,Chris de Burgh,True
2rTo8KIkBTFjQS7VvaKYQ4,W&W,True
2RTUTCvo6onsAnheUk3aL9,3 Doors Down,True
2RzBTtaoFmXDvt5vP8lPYf,Toti Cisneros,True
2S0WpGRnEPyS5OuMp3KOEo,Tebey,True
2sG4zTOLvjKG1PSoOyf5Ej,Brandi Carlile,True
2sil8z5kiy4r76CRTXxBCA,The Goo Goo Dolls,True
2skFcEhu0dYXkx7GGfCecx,Moscow Soloists,True
2Sqr0DXoaYABbjBo9HaMkM,Sara Bareilles,True
2sWf9Tj6EsTxURcgil3NTG,Greg Kurstin,True
2sxmKe3CUrWnx7eoXMhOlW,Dwight Yoakam,True
2tbvDi9eXf9XXp06LupkED,Alice Deejay,True
2tBWWgGv7H5ymPtJrT1rNu,Σtella,True
2tfWguHr2nj4e8KXLKciVq,André Previn,True
2tIP7SsRs7vjIcLrU85W8J,The Kid LAROI,True
2TPyCsRoh2tjeZLTQ2ojlj,John Waite,True
2tqbdiza6tmlpAtKUZwhnE,DJ GUDOG,True
2tRsMl4eGxwoNabM08Dm4I,Judas Priest,True
2tVmWsY4FJRSV3ciYlsW2S,Ciara Lowry,True
2TX3RFFIqwzwDjFMJN4nV9,Sabrina Sterling,True
2txHhyCwHjUEpJjWrEyqyX,Tom Odell,True
2tXt8tQb1z7e9xrx5RWKie,The New Symphony Orchestra Of London,True
2tZe0OSKNCVGbBd5wJ1djr,Mia Gardner,True
2TzHIUhVpeeDxyJPpQfnV3,Katrina & The Waves,True
2UazAtjfzqBF0Nho2awK4z,Stone Temple Pilots,True
2UdEGunC9lK2FrpV4Rf1gZ,Kim Savege,True
2uFUBdaVGtyMqckSeCl0Qj,Ludovico Einaudi,True
2ugPdplEWBmyU6EcIzlcY1,The Contours,True
2uGpuH0yo0iKx6rBqfgiA9,The Joubert Singers,True
2UOx6w3eHpPKc3RBnNV3Rl,Safri Duo,True
2UQ6mFkiLYy5VHRJnajQYT,Neon Dreams,True
2UqjDAXnDxejEyE0CzfUrZ,Robert Schumann,True
2uYWxilOVlUdk4oV9DvwqK,Mitski,True
2UZIAOlrnyZmyzt1nuXr9y,Nicki Nicole,True
2UZMlIwnkgAEDBsw1Rejkn,Tom Petty,True
2v7wIbCkIzxOfT3GnqCexD,Cody Jinks,True
2vDV0T8sxx2ENnKXds75e5,Booker T. & the M.G.'s,True
2VIoWte1HPDbZ2WqHd2La7,The Turtles,True
2vJvM1hPBYqDoGBje0kRMd,Jassa Dhillon,True
2vvaBnZLZh65JFyWp67Mhn,kwes.,True
2VYQTNDsvvKN9wmU5W7xpj,Marilyn Manson,True
2VZNmg4vCnew4Pavo8zDdW,Max Richter,True
2W8yFh0Ga6Yf3jiayVxwkE,Dove Cameron,True
2w9zwq3AktTeYYMuhMjju8,INNA,True
2WFslyxlAJwH2al4xZztFW,Deutsche Staatsphilharmonie Rheinland-Pfalz,True
2wIVse2owClT7go1WT98tk,Missy Elliott,True
2WKdxPFRD7IqZvlIAvhMgY,Fugees,True
2wOqMjp9TyABvtHdOSOTUS,Ludwig van Beethoven,True
2WoVwexZuODvclzULjPQtm,Sampha,True
2wpWOzQE5TpA0dVnh5YD08,Bronski Beat,True
2wtnLqsyJndM1rASXsxltV,Caiola,True
2wUjUUtkb5lvLKcGKsKqsR,Alessia Cara,True
2WV4xLQooFalR2cit0XSKp,Jennifer Nettles,True
2WX2uTcsvV5OnS0inACecP,Birdy,True
2wX6xSig4Rig5kZU6ePlWe,KSHMR,True
2wY79sveU1sp5g7SokKOiI,Sam Smith,True
2WzaAvm2bBCf4pEhyuDgCY,Ruth B.,True
2XglYsS1H5040yOMHXFhFG,Scandinavian White Noise,True
2xiIXseIJcq3nG7C8fHeBj,Three Days Grace,True
2Xu7q46Hf02xOoEIm4E1Qs,Big Pun,True
2y8Jo9CKhJvtfeKOsYzRdT,Rod Stewart,True
2YdRnOqBXCl9g8xCLcGh8C,Mikhail Pletnev,True
2ye2Wgw4gimLv2eAKyk1NB,Metallica,True
2YeKERkk95AeVlbTay87hI,Ad Tranquilitas,True
2yGkgsGKykkoiPO0xK6mB3,Teddy Gorbella,True
2ylW0JAtYmQpymRkrvWnJb,Leeland Mooring,True
2yQf6b8hxahZaT5dHlWaB1,Raekwon,True
2ysnwxxNtSgbb9t1m2Ur4j,George Ezra,True
2yUcByiqLsQiJgGKIn1xeb,Phil Jay,True
2YuMBUWPRRgX1n9pY3Qp4W,Artists,True
2YVF0Ou5zIc4mpgtLIlGN0,Robert Miles,True
2yzaWNFV3cxmcRZtwtr5WC,Clara Schumann,True
2YZyLoL8N0Wb9xBt1NhZWg,Kendrick Lamar,True
2z2TRvloJt4EfUNQp9rHAi,Alonzo,True
2ZavqCJe7uqkRpISes0NFi,Iamsu!,True
2Zbb4oqupGY4mmskwlygCp,Chris McClarney,True
2ZKzqJz3pPfWKVRgz9b39j,Ilsey,True
2znuNoLW9zjOV0otN0qy2J,Orchestra Sinfonica Nazionale Della RAI,True
2zqel9OQCR3eMNSOXMj0Mb,Daisy Day,True
2ZRQcIgzPCVaT9XKhXZIzh,Gryffin,True
2zrZfs23sjuHDv4E6YRmNf,Kris Kross,True
2zsLaQhHFdQPdFXqG1nRmM,Seven Mary Three,True
2ZuweXv0TkfsidZOLZZoM2,HEDEGAARD,True
2ZvrvbQNrHKwjT7qfGFFUW,Herbie Hancock,True
2zyz0VJqrDXeFDIyrfVXSo,Jerry Lee Lewis,True
307erl4VjT1dZDMYpneZqd,Mason,True
30C5wgn4celhRP3Tytv7R6,Mez,True
30e8DmahrEamvLbFRPdWmk,Justin Moore,True
30r98xL28PIfjUG4JwyWaM,Lil Slixk,True
311uEW9rt5g2NmzjGEKS2E,Mae Stephens,True
315KRsFj1cPJewYIbaH978,Sigvaldi Kaldalóns,True
319yZVtYM9MBGqmSQnMyY6,Carole King,True
31JkhPiJvenq0fyg2UzdWJ,Lulu Ray,True
31rgljsVrzeRFFnJXOYq5J,Peter Sculthorpe,True
31TPClRtHm23RisEBtV3X7,Justin Timberlake,True
31W5EY0aAly4Qieq6OFu6I,A Boogie Wit da Hoodie,True
320EPCSEezHt1rtbfwH6Ck,The Monkees,True
329e4yvIujISKGKz1BZZbO,Farruko,True
32LHRiof0sa4taYew9i3Fa,Dinah Washington,True
32vWCbZh0xZ4o9gkz4PsEU,Dolly Parton,True
32WkQRZEVKSzVAAYqukAEA,Lady A,True
335TWGWGFan4vaacJzSiU8,A. G. Cook,True
33cajGDdkhowQ8hiuEucXM,Zürcher Kammerorchester,True
33EUXrFKGjpUSGacqEHhU4,Iggy Pop,True
33qOK5uJ8AR2xuQQAhHump,Teddy Swims,True
33XkS6h90eeK7e6OJHw0mq,Yusef Lateef,True
34E3csCxpXunPGEkOVVX2g,Albert Hammond,True
34EP7KEpOjXcM2TCat1ISk,Wu-Tang Clan,True
34lIancN28qj7jD4JxYOdE,ZANA,True
34me8hAxavRmcDIwhxa3b7,Dent May,True
34MYamymtmnsmpwbqydd7I,Alexander Borodin,True
34THtJSLQbUmVxt5BxcmpC,Faye Brinkmann,True
35dxfY1wywqVRUEaVuMm13,Bou,True
35l9BRT7MXmM8bv2WDQiyB,beabadoobee,True
35pZsti1RSA5Zv98jAm8kX,Orpheus Chamber Orchestra,True
35R1B97CfrqKFFI3QBkTDx,RealestK,True
35VpsbV6V2NdfTeNZEbKfc,Jill Andrews,True
360IAlyVv4PCEVjgyMZrxK,Miguel,True
36cgvBn0aadzOijnjjwqMN,ILLIT,True
36CUTsdtNgCwMq6zKD1l8I,Mauro Castillo,True
36eTeLNx8ErucrEyRm6JOo,Shenandoah,True
36gygmeIKRKTfOHo5pf6E4,Dora Waller,True
36qFUmqGdV8FYYhXIDhc17,Debbie,True
36QJpDe2go2KgaRleHCDTp,Led Zeppelin,True
37230BxxYs9ksS7OkZw3IU,Chencho Corleone,True
372IgXgnCt4wlfumrMTIOs,Big Boogie,True
378dH6EszOLFShpRzAQkVM,Lindsey Stirling,True
37lYaYPWOHjKXBD33S6LNv,The Reklaws,True
37M5pPGs6V1fchFJSgCguX,FINNEAS,True
37w38cCSGgKLdayTRjna4W,Mazzy Star,True
37W8SKV5Vc8lcGtdyWCA5m,Gary Allan,True
38h03gA85YYPeDPd9ER9rT,The O'Jays,True
38vDOZ8sFoBrhvvJJ8l1eq,Jo Rochford,True
38wxcfNEqMwuPniHvplin5,Neoni,True
39FC9x5PaTNYHp5hwlaY4q,Niccolò Paganini,True
39T6qqI0jDtSWWioX8eGJz,The Doobie Brothers,True
39uv7qSNwIoaAtWNioWnxp,Stampeders,True
39xmI59WrIMyyJjSDq6WCu,Crowder,True
3AA28KZvwAUcZuOKwyblJQ,Gorillaz,True
3AFqxSVdKDJD9qPx3K8tKg,SHOWNU X HYUNGWON (MONSTA X),True
3Agskd2jrYif8W7sDPPf0v,Sara Gurpal,True
3al3f0Fd8OQ3OJj4GfpE2f,Rufus Ziegler,True
3Al8lu5X4j3QY40s4OIawp,Wandsworth School Boys Choir,True
3alW3LYQS8K29z8C8NSLIX,Barry Manilow,True
3ApUX1o6oSz321MMECyIYd,Quinn XCII,True
3aQeKQSyrW4qWr35idm0cy,T-Pain,True
3AuMNF8rQAKOzjYppFNAoB,Kelly Rowland,True
3AV16ISX9uoQFOUKJNHLJ5,Mulan - Cast,True
3Ay15wt0QChT4Kapsuw5Jt,Clint Black,True
3Ayl7mCk0nScecqOzvNp6s,Jimmy Eat World,True
3b0FZ0avKzKFw9ZEJacpx0,Vic Carnes,True
3b6TinIPahsS8iSCYAeinr,Galt MacDermot,True
3BAgmPNIK5IJl7zMK1wvMA,That Mexican OT,True
3beovFcnzA9hTr18ZxymFK,Oscar Louis,True
3BEV5FcxOtkQJ7lLRKMh3V,Tyler Hubbard,True
3bhu7P5PfngueRHiB9hjcx,Elle King,True
3BJukNbWQs003mF3vawn5v,Luna S.,True
3bmFPbLMiLxtR9tFrTcKcP,Matthew Wilder,True
3BmGtnKgCSGYIUhmivXKWX,Kelly Clarkson,True
3bSyv1vO8ye6PKyWcJeVbI,Baasik,True
3bT8Meiw5qtuGhtYozTWOp,Esmeralda Torres,True
3btzEQD6sugImIHPMRgkwV,Wolf Alice,True
3bvfu2KAve4lPHrhEFDZna,Lola Indigo,True
3BVkDHWRvLJEyKdvhLbjsq,W.A.S.P.,True
3c8WoNjBfyLJhFObE6RHgs,Del Shannon,True
3CDKmzJu6uwEGnPLLZffpD,Frankie Valli,True
3CenMXEd3ei2rZZ3k9bWQH,Aniket Jain,True
3CkvROUTQ6nRi9yQOcsB50,Genesis,True
3cniTumSiUysiPWXapGx1i,Cutting Crew,True
3CQIn7N5CuRDP8wEI7FiDA,Run–D.M.C.,True
3CsHGnB9qK3KYH7xmyGAGX,Art Taylor,True
3CygdxquGHurS7f9LjNLkv,Little Big Town,True
3D3blX3lLE3BCMdo3SOMlB,Bran Van 3000,True
3Da8Sq3XlYqKsjuXfzImiJ,Maria Mangasson,True
3daM7asS0gCFvyLemNx2EE,The Romantics,True
3dAzSJ9lQnJSq5Z0OgDBep,Brad Kane,True
3dBVyJ7JuOMt4GE9607Qin,T. Rex,True
3DbwFQlvLxRSi2uX8mf81A,Sexyy Red,True
3DCWeG2J1fZeu0Oe6i5Q6m,PLK,True
3DiDSECUqqY1AuBP8qtaIa,Alicia Keys,True
3dkbV4qihUeMsqN4vBGg93,Al Green,True
3dRfiJ2650SZu6GbydcHNb,John Williams,True
3dz0NnIZhtKKeXZxLOxCam,Porter Robinson,True
3e7awlrlDSwF3iM0WBjGMp,Little Mix,True
3EhbVgyfGd7HkpsagwL9GS,Alice Cooper,True
3eqjTLE0HfPfh78zjh6TqT,Bruce Springsteen,True
3eqv9LW7ZXlYWXVFjHS4Mr,Joaquín Rodrigo,True
3eskO5m0H4yiF64vRySBjr,Buffalo Springfield,True
3EW0kQ1skZiK1NHg3Spt9J,Takeoff,True
3F1T3ei9hUjYpSTdNjfQYI,Nerseh Soul,True
3fcsflK8xu26XH4OYTcm5T,Kiri Te Kanawa,True
3FEd0qHPFOgcpfw7bCXB4x,Zubin Mehta,True
3fewyiCJIgYVzSHCnDjlgM,Lee Howard-Taylor,True
3FfvYsEGaIb52QPXhg4DcH,Jason Aldean,True
3fJ60AcIgLzQkVitEvA7uq,Pete Rock & C.L. Smooth,True
3fMbdgg4jU18AjLCKBhRSm,Michael Jackson,True
3FnOP57D6zVHW05rdummqf,Te-G Sandhu,True
3fWcIRZlzhMl2YNACMvHui,Paradox,True
3Fz2GbraVXhcpXnoi2Oe1r,Billy Squier,True
3G9XTWY09egHqHlbRcP5cx,Jay Scøtt,True
3GBPw9NK25X1Wt2OUvOwY3,Jack Johnson,True
3gdbcIdNypBsYNu3iiCjtN,The B-52's,True
3gIRvgZssIb9aiirIg0nI3,Jeremy Zucker,True
3Gm5F95VdRxW3mqCn8RPBJ,Aminé,True
3grHWM9bx2E9vwJCdlRv9O,Kenny Chesney,True
3GrOqlDYHDtloOS3v1cnvD,Spirit Minds,True
3GYvf7puxwkr51EYoD9E7D,renforshort,True
3hcs9uc56yIGFCSy9leWe7,Lil Durk,True
3hg7WmmcESGiEaNU40tqXn,Britti,True
3hg9opvN3lCbZsoG6T0gpn,Corbin Tellier,True
3HhS9TOcCQKFAGLpe2uByV,Heather Riley,True
3HIvqQ3TKSSqa5yef0Q3xR,MC 99,True
3HoZrSziC8MiELPaOJNDqh,Warsaw Philharmonic Chamber Orchestra,True
3HqSLMAZ3g3d5poNaI7GOU,IU,True
3HQyFCFFfJO3KKBlUfZsyW,Randy Newman,True
3HsVtnnjOUToyJThxaoBfx,Halle,True
3hteYQFiMFbJY7wS0xDymP,Gesaffelstein,True
3hv9jJF3adDNsBSIQDqcjp,Mark Ronson,True
3hWZ5HYXvAJf8ZS9KkFYtn,Karlheinz Zoeller,True
3IaKn0ExWTMPqa0mscUYw3,Only The Family,True
3ICflSq6ZgYAIrm2CTkfVP,The Animals,True
3ICyfoySNDZqtBVmaBT84I,War,True
3iDD7bnsjL9J4fO298r0L0,Chicago,True
3IhWQSrLj8EJjdvjFTpCyo,Vince Gill,True
3IJ21966TwNZI24MwZHMu4,Baby Tate,True
3IMC79WXhjXUkDHhpsSN8n,FouKi,True
3ipn9JLAPI5GUEo4y4jcoi,Ludacris,True
3Isy6kedDrgPYoTS1dazA9,Sean Paul,True
3IunaFjvNKj98JW89JYv9u,The Japanese House,True
3iuobQyYhofKRr5W6HZoKt,Phoebe Snow,True
3IW7ScrzXmPvZhB27hmfgy,Jul,True
3IYUhFvPQItj6xySrBmZkd,Creedence Clearwater Revival,True
3IZrrNonYELubLPJmqOci2,Nancy Sinatra,True
3jERgGiTwNAPxNmDasAb31,Tyler Shaw,True
3JhNCzhSMTxs9WLGJJxWOY,Macklemore,True
3JhRHqCi8HEzkJVWt19LtN,Stephen Bishop,True
3JjvsPeGMbDJqsphe2z8xU,P1Harmony,True
3jK9MiCrA42lLAdMGUZpwa,Anderson .Paak,True
3JLUCojZaHrX2LaUkSj7Ud,Pharoah Sanders,True
3JmGsgVoGUN1Ro1jLfi7k1,Scrufizzer,True
3jNkaOXasoc7RsxdchvEVq,Chase & Status,True
3JQJt6xbvE5sawRz3bgKB0,Leon Baker,True
3JsMj0DEzyWc0VDlHuy9Bx,Supertramp,True
3jVAqTL4NbB88q4lj94VX9,Sha EK,True
3JzgNB1Kzlc17zuSzrC51x,Kent Nagano,True
3K1jFkuCruS7nx1GbWvH8E,Joe Wilson Trio,True
3K2Srho6NCF3o9MswGR76H,Bakar,True
3K2zB87GZv1krx031en5VA,La Roux,True
3KEb1kbIZN5jumsjFEWgSW,Tal Bachman,True
3KedxarmBCyFBevnqQHy3P,Jessie Reyez,True
3kHVioJpVxlazAAKQ64pC1,Yuna,True
3kj0g7ata90ABzu9sHr5XD,Vinícius Énnae,True
3kjuyTCjPG1WMFCiyc5IuB,Arcade Fire,True
3KjZMSSy0BaCVdvL0VABRO,GUDFELLA,True
3klZnJvYGIbWritVwQD434,Duncan Laurence,True
3KNIG74xSTc3dj0TRy7pGX,Yung Bleu,True
3koiLjNrgRTNbOwViDipeA,Marvin Gaye,True
3KpcdlqCaWWruPfmM2rWy1,Paul Dukas,True
3krCByMqEQnYRWPZMCE5IY,Amos Green,True
3kUKwTJdH8FuWzF8p6Dg9E,Dave Brubeck,True
3l0CmX0FuQjFxr8SK7Vqag,Clairo,True
3l67IPTFGbGnzJGQCnXQQl,Alba Lie,True
3LcP8zEKaPiCG1s5MlMWJA,Jan Vogler,True
3lda2alb3vN921wjgmWhsq,The Tone-Gens,True
3lPQ2Fk5JOwGWAF3ORFCqH,John Mellencamp,True
3ltFy7g6KKQPPttsdOMlq3,Jo Dee Messina,True
3Lw97gGh8bp1MftsYmwJHG,Luke Sital-Singh,True
3LZZPxNDGDFVSIPqf4JuEf,Ice Spice,True
3M4QRATGYND6tUfBYU0Qyt,Klara Söderman,True
3m5qlPf2OkihLz3dRYnkPA,Ovy On The Drums,True
3Mcii5XWf6E0lrY3Uky4cA,Ice Cube,True
3MdG05syQeRYPPcClLaUGl,Diana Ross,True
3MdXrJWsbVzdn6fe5JYkSQ,Latto,True
3mIj9lX2MWuHmhNCA7LSCW,The 1975,True
3MKCzCnpzw3TjUYs2v7vDA,Pyotr Ilyich Tchaikovsky,True
3mkmnTAqRXg1NysbtuFS5P,Aska Mill,True
3MNXmvXsz12M9aeI4w6qqE,Four Winds,True
3MSaDulfIzPkitDIJeZxDO,Eve St. Claire,True
3mY9Ii0cL5SQxpOTAm8SHx,Warren Zevon,True
3MyFDtqB80WZvbtCZRsekM,Bakermat,True
3MZLSgcd5kOdhrZasDMecx,Hongjoong of ATEEZ,True
3MZsBdqDrRTJihTHQrO6Dq,Joji,True
3n2j9RLqJFPzyI8WGn94bm,Eztebe Matia,True
3NaMuUYTIGm6CC3YqTuTvi,CRi,True
3nFkdlSjzX9mRTtwJOzDYB,JAY-Z,True
3ngKsDXZAssmljeXCvEgOe,Eagle-Eye Cherry,True
3NJ94iuAmmMjbszODYT6pO,Subtronics,True
3NPpFNZtSTHheNBaWC82rB,X Ambassadors,True
3nqQeOUvDPTu4vtYtPfBjX,Irfane,True
3Nrfpe0tUJi4K4DXYWgMUX,BTS,True
3nViOFa3kZW8OMSNOzwr98,Queen Naija,True
3oDbviiivRWhXwIE8hxkVV,The Beach Boys,True
3oKnyRhYWzNsTiss5n4Z1J,LP Giobbi,True
3OqTvcWgb0xaainosGVvuZ,Gala,True
3oVcF3VdpMuvMvLLyHPT4t,Sierra Ferrell,True
3oZa8Xs6IjlIUGLAhVyK4G,Irene Cara,True
3P33qFNGBVXl86yQYWspFj,Martina McBride,True
3pFCERyEiP5xeN2EsPXhjI,Joe Cocker,True
3PfJE6ebCbCHeuqO4BfNeA,London Philharmonic Orchestra,True
3PhoLpVuITZKcymswpck5b,Elton John,True
3pkmfqaBNsMqnXus05PNfP,Handsome Boy Modeling School,True
3plJVWt88EqjvtuB4ZDRV3,Ben E. King,True
3PO1jRVb0lsv2140VTXOQo,David J,True
3pO5VjZ4wOHCMBXOvbMISG,Antônio Carlos Jobim,True
3pSRJvRpZNqgVW89jaW9yZ,Ardigo Menes,True
3PYRXP25JcbqhvNaJYcnWy,OMNOM,True
3PyWEKLWI0vHPmoNrIX0QE,Rakim,True
3q7HBObVc0L8jNeTe5Gofh,50 Cent,True
3qbnxnvUqR14MJ9g8QwZJK,Lonestar,True
3qiHUAX7zY4Qnjx8TNUzVx,Yeat,True
3QLIkT4rD2FMusaqmkepbq,Rachel Platten,True
3qm84nBOXUEQ2vnTfUTTFC,Guns N' Roses,True
3qnGvpP8Yth1AqSBMqON5x,Leon Bridges,True
3qNVuliS40BLgXGxhdBdqu,TAEYEON,True
3QSQFmccmX81fWCUSPTS7y,Dean Lewis,True
3qUMmh5biaB5hqpF4LqS3m,Julie London,True
3quojFCZjKk1j5zIv0HX2P,Rav Dhaliwal,True
3QVolfxko2UyCOtexhVTli,Angèle,True
3qwabfaWewpfli7hMNM3O8,Róisín Murphy,True
3r0OeTcOw37N9juMYyyw39,Junior M.A.F.I.A.,True
3R80OE4RViOWbnuvqh0j8a,thuy,True
3RGLhK1IP9jnYFH4BRFJBS,The Clash,True
3RHwCqK7oe6mucuIgz62BF,Nicole C. Mullen,True
3RqBeV12Tt7A8xH3zBDDUF,Kelsea Ballerini,True
3RRD1mgaBFYXz3NFGiuDGj,Zion Houston,True
3rRmDmzPcAFwcUDvG5gBqO,Percy Sledge,True
3RRxaE5sKbE6P7UdrSdGOM,Aurora Axis,True
3RTzAwFprBqiskp550eSJX,Harry Nilsson,True
3RwQ26hR2tJtA8F9p2n7jG,The Temptations,True
3rxeQlsv0Sc2nyYaZ5W71T,Chet Baker,True
3ScY9CQxNLQei8Umvpx5g6,Fat Joe,True
3sD5yaSCD2OZCQGFvIGPDL,Mirova,True
3sFhA6G1N0gG1pszb6kk1m,Wings,True
3SgHzT552wy2W8pNLaLk24,Hillsong Worship,True
3ShGiAyhxI6Rq3TknZ3gfk,Arkells,True
3sJQwG0SsGRyv5C5kh4o9a,Shay Lia,True
3SmyWs7ou3udD8gtM0Z6Vx,Awkwafina,True
3Sz7ZnJQBIHsXLUSo0OQtM,Mac DeMarco,True
3szEDgli10x7q4mMLCehgP,Amalia Booth,True
3tJoFztHeIJkJWMrx0td2f,Moneybagg Yo,True
3TLHL40IaEycdPNoxTqK3a,Sandra Forster,True
3tlXnStJ1fFhdScmQeLpuG,Brent Faiyaz,True
3tufWJzpCiAGleBt5TkmTn,Ratt,True
3tVQdUvClmAT7URs9V3rsp,Wizkid,True
3TVXtAsR1Inumwj472S9r4,Drake,True
3twuAojvYNrlWZpMkxLm3P,Daveed Diggs,True
3TyeX0lk4B7k56ukfzEE0z,Tenille Townes,True
3tzbuAF9yZZHThB1ykHj0A,Andrea Prine,True
3U7k7hBsHF9dy4ELW53Wrv,John Anderson,True
3uBIlLw3btitlfBAH34Hif,Scarlet Sutton,True
3UbyYnvNIT5DFXU4WgiGpP,Whitesnake,True
3uHUKCspaCzAab9A3LlGAr,Mankirt Aulakh,True
3Uqu1mEdkUJxPe7s31n1M9,Weyes Blood,True
3uwAm6vQy7kWPS2bciKWx9,girl in red,True
3v4feUQnU3VEUqFrjmtekL,Faces,True
3vbKDsSS70ZX9D2OcvbZmS,Beck,True
3vDUJHQtqT3jFRZ2ECXDTi,Lloyd Banks,True
3VEG6gxFIMfl4Cdog26avS,Bill Evans Trio,True
3VStI6m5Ig9FAyUaa0lYAP,James Otto,True
3VWrnOYO3VBCE9MAleAQM4,David Lloyd-Jones,True
3W9AQyaIGdR8htZXVGwl1X,Fresh,True
3WaNZnwUPrpOIS5ZcIyjTO,Suicideyear,True
3wcj11K77LjEY1PkEazffa,Burna Boy,True
3WGpXCj9YhhfX11TToZcXP,Troye Sivan,True
3wKXsp0WLtntFbx7mcaLWp,Iyaam Ibe,True
3WLh1Qe8WgEBbb2QJWYYal,Karol Szymanowski,True
3WrFJ7ztbogyGnTHbHJFl2,The Beatles,True
3wrFoI9EVjWg6m8xXeWr5t,VALORANT,True
3wUpOiaLjwAZNregbC7CxO,Jerry Tondo,True
3wWXYbMxREh97Te2ZN92Wi,Nicky Da B,True
3wYyutjgII8LJVVOLrGI0D,Buddy Holly,True
3x1jBMHHrDUQbtRrvV78h2,Abhijay Sharma,True
3X2DdnmoANw8Rg8luHyZQb,Romy,True
3X4vtZfo29CzvenatIDhf1,Petr Skvor,True
3xaMeif5BSoyYAqHneI2T2,Sita,True
3XlIhgydjvC4EniPFZT20j,Trisha Yearwood,True
3xoLUBE5kWiGDw1Dgp8Fcf,LVTA,True
3XsgWn63EnA4wYZBjVyxjf,Ugly Kid Joe,True
3Xt3RrJMFv5SZkCfUE8C1J,Kim Petras,True
3xU8YsNNkmWSPewlB18NUz,Harshdeep Kaur,True
3xvaSlT4xsyk6lY1ESOspO,Disney,True
3XxNRirzbjfLdDli06zMaB,Eyedress,True
3XZArTk2vsNiSzawsfi3XW,Jon Laer,True
3y24n3XhZ96wgwRXjvS17T,Coolio,True
3y2cIKLjiOlp1Np37WiUdH,Shaboozey,True
3Y3xIwWyq5wnNHPp5gPjOW,Kenny Loggins,True
3Y7RZ31TRPVadSFVy1o8os,H.E.R.,True
3ycxRkcZ67ALN3GQJ57Vig,Masego,True
3yDIp0kaq9EFKe07X1X2rz,Nile Rodgers,True
3YG7KJgAF3q7udoynLzWXU,Warren Blues,True
3YQKmKGau1PzlVlkL1iodx,Twenty One Pilots,True
3YwqjMyrRfuixi2pbgTGCE,Heuss L'enfoiré,True
3yY2gUcIsjMr8hjo51PoJ8,The Smiths,True
3Z02hBLubJxuFJfhacLSDc,Bryan Adams,True
3z1cp4jtdPSklLE90162gh,Tim Hughes,True
3z3g65U7mmyyBmmDfsQK9x,Luniz,True
3Z5fRknMBBNfCw6pkgR9S8,Pietro Mascagni,True
3ZotbHeyVQKxQCPDJuQ4SU,Q-Tip,True
3ZpEKRjHaHANcpk10u6Ntq,Ayra Starr,True
3zT7dcLl9wbSXsVh3VQx3A,LaChanze,True
3zTOe1BtyTkwNvYZOxXktX,Joe,True
3zXw2Eh96iTT51pytzHdZi,38 Special,True
4034dofwaqvTYb10Ss1jrv,SKEN,True
408vMm7y1227ASq7GmWygZ,Sarz,True
40LHVA5BTQp9RxHOQ9JPYj,Lauren Daigle,True
40xbWSB4JPdOkRyuTDy1oP,Nicole Scherzinger,True
40Yq4vzPs9VNUrIBG5Jr2i,The Smashing Pumpkins,True
414pDI8Y502owCbg7U6Skf,Musa Keys,True
41azuh0IUq4g2UPySoYp8A,Hans.,True
41MozSoPIsD1dJM0CLPjZF,BLACKPINK,True
41Q0HrwWBtuUkJc7C1Rp6K,311,True
41qil2VaGbD194gaEcmmyx,Will Smith,True
41X1TR6hrK8Q2ZCpp2EqCz,bbno$,True
422Lh8pIc1aZMeF3xnf4Dt,Artists for Peace and Justice,True
42TFhl7WlMRXiNqzSrnzPL,Lou Reed,True
42ZCvzken6DllCB1xghinZ,Pablo Casals,True
430byzy0c5bPn5opiu0SRd,Edward Elgar,True
436sYg6CZhNefQJogaXeK0,Camille Saint-Saëns,True
4374DY0rBAi0pCV6F9i00Y,The Range,True
438yZZcqMapAevM5nIBGTG,Sia Moon,True
43mhFhQ4JAknA7Ik1bOZuV,Pat Benatar,True
43qsbkyR2EgZ14k6eJXd3j,Lulu Helensworth,True
43ZHCT0cAZBISjO8DG9PnE,Elvis Presley,True
4463nfFMmK1cwAWBQDwT5e,Laura Branigan,True
44bWSBuHUEo6M84U8E0i6q,George Jacomel,True
44IvvHRk2XF243QLA2VOa8,Stunna 4 Vegas,True
44NX2ffIYHr6D4n7RaZF7A,Van Morrison,True
459INk8vcC0ebEef82WjIK,Erik Satie,True
45eNHdiiabvmbp4erw26rg,ILLENIUM,True
45ff9QmiC1LkmDPk5TBN21,John Tavener,True
45gHcnDnMC15sgx3VL7ROG,42 Dugg,True
45lorWzrKLxfKlWpV7r9CN,Ben Harper,True
45Miu8OyhYvkkQBXhn0MfQ,Anna Kitkowska,True
45TgXXqMDdF8BkjA83OM7z,Rod Wave,True
46gyXjRIvN1NL1eCB8GBxo,All Time Low,True
46HzS7yz0c9udVwtbHk1sx,Cochise,True
46iZlIvXWYhgSp8geA7Ea3,Dayonas Dream,True
46lnlnlU0dXTDpoAUmH6Qx,Lou Bega,True
46MWeeHNVMYRIIofQBEX98,BEAM,True
46pWGuE3dSwY3bMMXGBvVS,Rema,True
46SHBwWsqBkxI7EeeBEQG7,Kodak Black,True
46UMQ0cW8ToR8egkBRwAxZ,Cynthia Erivo,True
46VWDbmWmzvPBTmkSr25gM,Marsha Ambrosius,True
46xBNx0j6cwY6sD9LgMTm1,Rosa Linn,True
46yst9cUnaE2cftTAxwFSp,Florent Vollant,True
47cHAE0NFwzGOlc3L4oszT,Enima,True
47mIJdHORyRerp4os813jD,League of Legends,True
47MpMsUfWtgyIIBEFOr4FE,Lunay,True
47Z8LEl3LnQkcpva0xSthT,The La's,True
485uL27bPomh29R4JmQehQ,Bob Seger,True
488v7rQzthLNK22r0UvMie,La Bouche,True
48vDIufGC8ujPuBiTxY8dm,Palace,True
49aaHxvAJ0tCh0F15OnwIl,Loreen,True
49Cw140t9jupn4S3udehoP,Y&T,True
49DW3KvkyjHO35mK1JnSyS,The Cult,True
49e4v89VmlDcFCMyDv9wQ9,Dean Martin,True
49PC2thu4PsvOGs77fgXwA,Steven Windhaug,True
49zXTngyUTielHTbbH5YKs,Roy Hargrove,True
4a0B39qi5Ks6KCPz0KptTO,Honey Bxby,True
4AA474G2hRfrHyGrfyDseO,Mozzy,True
4AcXapei4U7xnWecv9AEBd,Orchestre Symphonique de Montréal,True
4admDxmnri5Zco0xYrJ0ji,Jamie Jones,True
4AgQTHagFdBq8VL791lSXz,Keith Anderson,True
4Ai0pGz6GhQavjzaRhPTvz,DIVINE,True
4AK6F7OLvEQ5QYCBNiQWHq,One Direction,True
4aKdmOXdUKX07HVd3sGgzw,Rezz,True
4akybxRTGHJZ1DXjLhJ1qu,Kirk Franklin,True
4aLij7W6aqtpsRriCSjGLq,Koriass,True
4apX9tIeHb85yPyy4F6FJG,Wild Cherry,True
4AVFqumd2ogHFlRbKIjp1t,Alesso,True
4AwLiAGc1rRLrCepj5rdTI,Collin Raye,True
4axKuDPr6WKcDCyh8vueTY,Luar La L,True
4bL2B6hmLlMWnUEZnorEtG,Felix Jaehn,True
4bthk9UfsYUYdcFyqxmSUU,Tears For Fears,True
4BYxqVkZyFjtik7crYLg5Q,Chris Young,True
4C50EbCS11M0VbGyH3OfLt,Bahamas,True
4C7NcNb9V6lakzMGHQlm8i,Tom Doolie,True
4Car9HylNpk3hdArsuEQOp,Valgre,True
4cfKtwkefMW3aiXtxfw8w6,Nomcebo Zikode,True
4CHiVarfTsFhkFOk5vHS77,Marc Scibilia,True
4CJrJassgp2sYfvhNPKh9x,Soran,True
4cUkGQyhLFqKHBtL58HYVp,Channel Tres,True
4CvZd3qzC2HbLxAoAEBRIL,Benjamin Gibbard,True
4CYeVo5iZbtYGBN4Isc3n6,Dio,True
4d3yvTptO48nOYTPBcPFZC,Eve,True
4d6eKLLJbe2ZeiL07Du7vB,Natalia Bonner,True
4D75GcNG95ebPtNvoNVXhz,AFROJACK,True
4dadMoMQOTGa96FlnhEzCi,Ernest Chausson,True
4DdkRBBYG6Yk9Ka8tdJ9BW,Offset,True
4dHH33lP1VpapQUfpMaZkX,Snuggly Sam,True
4DHLoiIqFYYFjH09WduvFd,Coco Jones,True
4dpARuHxo51G3z768sgnrY,Adele,True
4DSpdI6IODyLdw0Wg4bUXe,Mykola Hobdych,True
4E2rKHVDssGJm2SCDOMMJB,Doechii,True
4e9TBaTlI3LVQz3tkTYC0I,Hailey Whitters,True
4EgOpuGf3Qe7DYYol4AJCz,Jules Moreau,True
4EPJlUEBy49EX1wuFOvtjK,Becky Hill,True
4ET82ZtSfAK4utfjDauImD,Black Gryph0n,True
4EV7a9KODMBPJTCgIl9Bmk,Morten Lauridsen,True
4exLIFE8sISLr28sqG1qNX,Travis Barker,True
4EzkuveR9pLvDVFNx6foYD,James Bay,True
4F4pp8NUW08JuXwnoxglpN,Bad Gyal,True
4F7Q5NV6h5TSwCainz8S5A,Duke Ellington,True
4F84IBURUo98rz4r61KF70,The White Stripes,True
4f9iBmdUOhQWeP7dcAn1pf,Rag'n'Bone Man,True
4fawpeTlkJtDMXDzJmBYSR,yeyts.,True
4Fgf6RvuWpiwDXSE7Vammx,George Martin,True
4fLF7NyMYLaMxUmZCSp5ex,Johnny Yukon,True
4frXpPxQQZwbCu3eTGnZEw,Thundercat,True
4FtSnMlCVxCswABUmdhwpm,Carly Simon,True
4fwcEh4tMsyFvKvO8w7DKO,Iván Fischer,True
4fxd5Ee7UefO4CUXgwJ7IP,Giveon,True
4FZ3j1oH43e7cukCALsCwf,Jack White,True
4g6MelMNF907IHJh15KX4V,Frej Simdo,True
4Ga1P7PMIsmqEZqhYZQgDo,Lil Tecca,True
4GgBKgxhc649frZDHcXIEz,TWS,True
4GGfAshSkqoxpZdoaHm7ky,ERNEST,True
4ggqOcGiYxjjAaKhYzXUzR,The Stilltones,True
4gHcu2JoaXJ0mV4aNPCd7N,Benny Sings,True
4GITZM5LCR2KcdlgEOrNLD,The Foundations,True
4GJ6xDCF5jaUqD6avOuQT6,FIFTY FIFTY,True
4GNC7GD6oZMSxPGyXy4MNB,Lewis Capaldi,True
4GQwgdcDQwqtcHICjUNndp,Sir Simon Rattle,True
4Gso3d4CscCijv0lmajZWs,Don Toliver,True
4gzpq5DPGxSnKTe4SA8HAU,Coldplay,True
4HHaOYzrEpSCPSipWPuVBd,the ANTI social club,True
4HLXt5FajZmG37fZb3E2my,iavú,True
4HmnKRjtlqVw3RistO5zLB,Alfoni Berg,True
4HNYqvVDimiWSfGfSyGJGD,Matt Schuster,True
4Ho8lnnZWQ6ldapSazUAbq,Lush Lotus,True
4HVmeVTQBgvTuvjB1JYwaf,Gilbert O'Sullivan,True
4HYqQGd6sHdPhq6qwikEix,Snappy,True
4IAWVxo2fpTBPn6k7GZ3eY,Francis Poulenc,True
4iCwCMnqsNZ6atvRiADgtn,RZA,True
4iDroUFo89Y7YBsdDTBmTD,Sueco,True
4iHNK0tOyZPYnBU7nGAgpQ,Mariah Carey,True
4iJLPqClelZOBCBifm8Fzv,Pierce The Veil,True
4im1JHdAIz4yOsjizlGZzt,Rhys Wells,True
4iRZAbYvBqnxrbs6K25aJ7,The Dave Brubeck Quartet,True
4IsX7IbImt8clMeZtsIEQ9,Dax Warner,True
4iudEcmuPlYNdbP3e1bdn1,Silverchair,True
4IVAbR2w4JJNJDDRFP3E83,6LACK,True
4IWBUUAFIplrNtaOHcJPRM,James Arthur,True
4iYTkNx9MkmIxDMESbIbio,Zero Oto,True
4jd8Wp3Os5tXFV0NYm1570,maxime.,True
4jQBn4Pe1tFPxVo3p6W7uq,Yoga at the Disco,True
4JSWO1Pf2zV991fq64uAce,Jean-Philippe Rameau,True
4jXfFzeP66Zy67HM2mvIIF,Bill Evans,True
4jZfJWTKg0oea9gn2EER4C,Geordie Kieffer,True
4K3DSWzghkGUcQOEZG9gpo,Chris LeDoux,True
4k5wUzbeVt1nviNANoqMI2,Infinite Field,True
4kcQWQDK0u9AftVSpdrAgk,Luck Ra,True
4KDyYWR7IpxZ7xrdYbKrqY,Bonnie Raitt,True
4KH3T3jZJtfFtNyfBqwUuu,Madeline Merlo,True
4kHtgiRnpmFIV5Tm4BIs8l,Sergei Prokofiev,True
4kI8Ie27vjvonwaB2ePh8T,Portugal. The Man,True
4kIwETcbpuFgRukE8o7Opx,Arlo Parks,True
4kLvhMAuCloLxoP1aVM7Lr,Michael Giacchino,True
4KpdqBDU2C5gB3vhdojuqA,Chorus - Mulan,True
4kubsO16bEfCADaVUyoYb6,Giraffage,True
4KWTAlx2RvbpseOGMEmROg,R.E.M.,True
4kYGAK2zu9EAomwj3hXkXy,JP Cooper,True
4kYSro6naA4h99UJvo89HB,Cardi B,True
4LBdlNpHBD8dHPcVCrjSB6,Eric D. Johnson,True
4LcUpNlXFEleaLlelmkv2R,Kris Kross Amsterdam,True
4LG4Bs1Gadht7TCrMytQUO,The Shins,True
4lgrPvofm0IT605L9OrOTN,Jengi,True
4lhUHpVOXmkEBGGHV71QCh,Chance Peña,True
4LLpKhyESsyAXpc4laK94U,Mac Miller,True
4lPDIYPFDs5gpcToUczJDs,Ann Wilson,True
4lpovYMDiersW7wuJ3P5Ep,Natures Orchestra,True
4LXBc13z5EWsc5N32bLxfH,Nekfeu,True
4lxfqrEsLX6N1N4OCSkILp,Phil Collins,True
4LYCuV8d6rylb6zjv2k03l,Paul Lewis,True
4M4gexhCyv12RmbowD8xjS,Tune in with Chewie,True
4Mbgj0OkWxMGznGr0HT31c,Solfeggio Guru,True
4MCBfE4596Uoi2O4DtmEMz,Juice WRLD,True
4mmMtabvFCKA6HfmVmitNH,Jodi Benson,True
4mrBetqy378Jf1y6NLszlx,VINAI,True
4mSdD05BfppgiCGUVKcUZ3,Skye Saraswati,True
4muJrGMndyYWqZtfk8OWy4,BoA,True
4MVyzYMgTwdP7Z49wAZHx0,Lynyrd Skynyrd,True
4mwdnO2jZrMmMVrjcHsZBv,Kenny Mason,True
4mxWe1mtYIYfP040G38yvS,Alan Jackson,True
4n81jTX3LJ7zxNr6Ss8PkQ,Takura,True
4N8BwYTEC6XqykGvXXlmfv,George Benson,True
4nDoRrQiYLoBzwC5BhVJzF,Camila Cabello,True
4NGAeafqorkBEwYlBZHnpt,Korina Bedoya,True
4NgNsOXSwIzXlUIJcpnNUp,Sarah McLachlan,True
4NJhFmfw43RLBLjQvxDuRS,Wolfgang Amadeus Mozart,True
4npEfmQ6YuiwW1GpUmaq3F,Ava Max,True
4nsMLwMcViXAqwTLJ71y8i,Fritz Reiner,True
4NYMUsIcUUsBHbV9DICa5x,Nate Smith,True
4NZvixzsSefsNiIqXn0NDe,Maggie Rogers,True
4O15NlyKLIASxsJ0PrXPfz,Lil Uzi Vert,True
4OBbOrkD4geIjOLrICN3wO,Inspectah Deck,True
4OBJLual30L7gRl5UkeRcT,T.I.,True
4obzFoKoKRHIphyHzJ35G3,Becky G,True
4ofCBoyEiGSePFAG500xev,Regard,True
4oLeXFyACqeem2VImYeBFe,Fred again..,True
4oMjKSuAAFB6E9a5Icudw3,Guri Lahoria,True
4opTS86dN9uO313J9CE8xg,Skid Row,True
4Otx4bRLSfpah5kX8hdgDC,Naughty By Nature,True
4P0dddbxPil35MNN9G2MEX,Cypress Hill,True
4pADjHPWyrlAF0FA7joK2H,Jay Sean,True
4PDpGtF16XpqvXxsrFwQnN,Thelonious Monk,True
4PdumqEAuo2EQzukVWnxa0,Leo Brouwer,True
4pejUc4iciQfgdX6OKulQn,Queens of the Stone Age,True
4pFlv4QVInj7bAo0MqHpwW,Anne Sofie von Otter,True
4PHEKFLzjQUNk5zenIMW9n,Salvo,True
4phGZZrJZRo4ElhRtViYdl,Jason Mraz,True
4pmNqFu71wEmFXSsYAiWK8,Makaveli,True
4pnp4w9g30yLfVIAFnZMRd,ACRAZE,True
4PULA4EFzYTrxYvOVlwpiQ,Sidhu Moose Wala,True
4q3ewBCX7sLwd24euuV69X,Bad Bunny,True
4Q6nIcaBED8qUel8bBx6Cr,Jax Jones,True
4qDRNT8ldCfCjSp9lBzYC5,Joel De La P,True
4qivGtDBIkQFLCeduRpi24,Rhett Akins,True
4qIVPF0s71ZYW3qzhu5GkF,Kina,True
4qKpLkR911SUlnd4HAtF79,Nathaniel Rateliff,True
4QQgXkCYTt3BlENzhyNETg,"Earth, Wind & Fire",True
4QTIR7KM0trauXspUNduhh,Buddha Monk,True
4QTVePrFu1xuGM9K0kNXkk,Dexys Midnight Runners,True
4qU7IJSReZnsLy5907Mtau,Richy Mitch & The Coal Miners,True
4qwGe91Bz9K2T8jXTZ815W,Janet Jackson,True
4qWnlmXWuGv2TtuxtIWlJX,BANNERS,True
4QZdOCb3UacKbQ1ybDFAKM,Valerie June,True
4r63FhuTkUYltbVAg5TQnk,DaBaby,True
4r7JUeiYy24L7BuzCq9EjR,The Crickets,True
4RdgDdU3tQ2qvzToDFoQ36,Stella Maria,True
4rjlerN21ygkIhmUv55irs,The Jesus and Mary Chain,True
4RSyJzf7ef6Iu2rnLdabNq,Willy William,True
4RVnAU35WRWra6OZ3CbbMA,Kylie Minogue,True
4sbXXFzEWJY2zsZjelerjX,Dadju,True
4scbgnFpSTNWZgSaxcXLS8,Menidia,True
4sD9znwiVFx9cgRPZ42aQ1,Sinéad O'Connor,True
4sh4MHP7lhrSUakxwZzwqz,Bruce Cockburn,True
4sIl4BTo9l9KqEi0Y3RE72,Carly Pearce,True
4Sld5LOPbAm1QSq9U32fFV,John Hiatt,True
4SOtk3HtPYKqxnVuxNBMti,Donovan Woods,True
4SpbR6yFEvexJuaBpgAU5p,LE SSERAFIM,True
4SqTiwOEdYrNayaGMkc7ia,LÉON,True
4StDLRKg8Jtp0qmE35907p,Cruzito,True
4STHEaNw4mPZ2tzheohgXB,Paul McCartney,True
4sTQVOfp9vEMCemLw50sbu,Galantis,True
4T3ci09iLFfbJJziNBWkvh,Thomas Barasimo,True
4TCXgdDPm10ensLNCVnIYa,Joy Williams,True
4TEJudQY2pXxVHPE3gD2EU,BlocBoy JB,True
4TEK9tIkcoxib4GxT3O4ky,KISS OF LIFE,True
4tJk8aN9skPGFZmkoAsBJD,Alpha Vectoriam,True
4TKTii6gnOnUXQHyuo9JaD,Sheryl Crow,True
4tMm1dU6Gn04VAZ9ClHcIZ,Jacquees,True
4tpUmLEVLCGFr93o8hFFIB,Blondie,True
4tuJ0bMpJh08umKkEXKUI5,Gracie Abrams,True
4tujQJicOnuZRLiBFdp3Ou,Xzibit,True
4TvhRzxIL1le2PWCeUqxQw,The Blessed Madonna,True
4tw2Lmn9tTPUv7Gy7mVPI4,Kenny Rogers,True
4Tw2N3wdvJPGEU7JqMxFfE,Eddie Money,True
4tX2TplrkIP4v05BNC903e,Tom Petty and the Heartbreakers,True
4tZwfgrHOc3mvqYlEYSvVi,Daft Punk,True
4uBD3fsHzb3IpOTGpicsbH,Cameron Boyce,True
4Uc8Dsxct0oMqx0P6i60ea,Conan Gray,True
4uJNQGa3L2frXDxwgouTIw,Franglish,True
4uN3DsfENc7dp0OLO0FEIb,Sugar Ray,True
4ur1jCwyNlhgd0viJkOtcQ,YooA,True
4us6IzRDlOknDIdzAFe1uQ,Rich,True
4utLUGcTvOJFr6aqIJtYWV,Skylar Grey,True
4UXqAaa6dQYAk18Lv7PEgX,Fall Out Boy,True
4V4Z3qMCwYofWHtip6ePF6,Bobby Caldwell,True
4v6XOdonnfpdTKTRJArG7v,Tink,True
4v7z4d0nyIY3mWGz1AXoK1,Jeff Danna,True
4V8LLVI7PbaPR0K2TGSxFF,"Tyler, The Creator",True
4VCriUU9CsPnUvoAsxVk1p,310babii,True
4VIvfOurcf0vuLRxLkGnIG,Bradley Cooper,True
4vjGlQWexbru6aOUCLTVir,Kiki Dee,True
4VJSN1kOmlYi5A6FEmGu64,Joel Houston,True
4VmEWwd8y9MCLwexFMdpwt,Method Man,True
4VMYDCV2IEDYJArk749S6m,Daddy Yankee,True
4VnomLtKTm9Ahe1tZfmZju,Jackie Wilson,True
4vpDg7Y7fU982Ds30zawDA,The Band,True
4VWpxQlVnMltoRKKVToSJM,Vincent Fanguro,True
4vxaQs6vK54nK89J1VtLex,PUBLIC,True
4wlPkvHKZzP2K8wtBzFRyY,Vixen,True
4wM29TDTr3HI0qFY3KoSFG,Indigo Girls,True
4Ws2otunReOa6BbwxxpCt6,Benny Benassi,True
4Ww5mwS7BWYjoZTUIrMHfC,Charlie Parker,True
4WXodir2Ci7Ywk0uTaTKkt,Symphonieorchester des Bayerischen Rundfunks,True
4x1nvY2FN8jxqAFA0DA02H,John Lennon,True
4X5CTYQmx1NNyz9S1IpNko,Carter Faith,True
4XDJurjQCnWLlE7KLZCT9x,Samuel Barber,True
4xFUf1FHVy696Q1JQZMTRj,Carrie Underwood,True
4xls23Ye9WR9yy3yYMpAMm,Little Richard,True
4xnihxcoXWK3UqryOSnbw5,Sasha Alex Sloan,True
4Xpfcr6PHXIPeoCBlXNwtC,Phonk Killer,True
4xPQFgDA5M2xa0ZGo5iIsv,¥$,True
4XQVxqzUr02fZBMg50dosX,Reiki Nataraj,True
4XwKU420OWVk38vz1KvH3M,Aaron Tippin,True
4xXCRXOfQKQ2gjWxNhNzYW,Air Supply,True
4Y7tXHSEejGu1vQ9bwDdXW,Fatboy Slim,True
4YApfwAUsPaD9VX6ujDxOk,Ostrava Recordings,True
4yiQZ8tQPux8cPriYMWUFP,Gwen Stefani,True
4yiXkMbxDIZ3jgEG89NSC1,Wynonna,True
4yKvWCRx5sts8aLi0fAM9c,In Finitum,True
4ylR3zwA0zaapAu94fktwa,Macy Gray,True
4YLtscXsxbVgi031ovDDdh,Chris Stapleton,True
4YoqgU4m9qY7tUO4iwIM45,Gateway IV,True
4ytDz3A9nHcVMjEbdNSKzA,RIOPY,True
4Z2EaSwZpqDleK7b7qYSvx,Ecstatix,True
4Z5swVp8qC7FbtzOkNaChH,Noah Jacob,True
4Z8W4fKeB5YxbusRsdQVPb,Radiohead,True
4ZgQDCtRqZlhLswVS6MHN4,grandson,True
4zTQCQMH3wRdBorYb0xGCa,Sherrill Milnes,True
4zVCMnjw54nkhGHU4e1Pav,ISOxo,True
502FY8XQYRxClWgolQ3Hf2,Lynn Anderson,True
5069JTmv5ZDyPeZaCCXiCg,wave to earth,True
50co4Is1HCEo8bhOyUWKpn,Young Thug,True
50hFWG3MaUUX5phNrrVc97,Sawyer Brown,True
50hiYMhi0g77BOkkQ4zebB,Mstislav Rostropovich,True
50JqVZOiKb0Rbeeeg8XJhz,Sinead Fisher,True
50Lr1puweM1hFsF1LpIZLM,WhoMadeWho,True
50NoVNy9GU1lCrDV8iGpyu,Ol' Dirty Bastard,True
50oUrFxXcPqq2Sk4RVfq6e,Haley Steegens,True
50UMTib697JJ44le8DO2Va,Tony Yayo,True
51Blml2LZPmy7TTiAg47vQ,U2,True
51l0uqRxGaczYr4271pVIC,The Bangles,True
51qxeic1xO4PPLgxnKPjzo,Tadd Norman,True
523y9KSneKh6APd1hKxLuF,Master KG,True
52iwsT98xCoGgiGntTiR7K,Quevedo,True
52qzWdNUp6ebjcNsvgZSiC,Evaluna Montaner,True
530Sdm7eqqzWBdDmILMgnu,Robert Palmer,True
5344K3N7rx7kw1HjO8psuq,James Carter,True
536pGG9V0mbcKOSgw37g4m,Bavarian Radio Chorus,True
53A0W3U0s8diEn9RhXQhVz,Keane,True
53KwLdlmrlCelAZMaLVZqU,James Blake,True
53QzNeFpzAaXYnrDBbDrIp,The Isley Brothers,True
53uV0zzGfjaht3NaIiepwB,Koen Parker,True
53xh7BAl56yKW1LrqaLqdq,Nouvelle Marée,True
53XhwfbYqKCa1cC15pYq2q,Imagine Dragons,True
540vIaP2JwjQb9dm3aArA4,DJ Snake,True
54KCNI7URCrG6yjQK3Ukow,Susanne Sundfør,True
54nb7VPvMgQEW6pC9Mz0an,Lourdiz,True
54R6Y0I7jGUCveDTtI21nb,Boney M.,True
54v563e3Njq2wjXwnXM6DR,Miko Yoshida,True
55Aa2cqylxrFIXC767Z865,Lil Wayne,True
55fhWPvDiMpLnE4ZzNXZyW,Noah Cyrus,True
55Pp4Ns5VfTSFsBraW7MQy,Skee-Lo,True
55vs7NT1KxcFjbMC4y202E,REO Speedwagon,True
55ZzUX5aeX7bKQyRMsQMbG,Josef Krips,True
5670CyWrIOA7702gNjsGMZ,Manfred Mann,True
568DTgNHtIjbRfvgeQNDr4,Natana Bach,True
568ZhdwyaiCyOGJRtNYhWf,Deep Purple,True
56ceBVnalGD41B0AXIZzPj,Mutter's Virtuosi,True
56oDRnqbIiwx4mymNEv7dS,Lizzo,True
56Qz2XwGj7FxnNKrfkWjnb,FAST BOY,True
56x8mYvS3cyDGAi8N2FxbB,Randy Houser,True
57bUPid8xztkieZfS7OlEV,The Supremes,True
57LYzLEk2LcFghVwuWbcuS,Summer Walker,True
57vWImR43h4CaDao012Ofp,Steve Lacy,True
58lV9VcRSjABbAbfWS6skp,Bon Jovi,True
58PEgJMZGqZ5d3CHYJTGv7,Rosalie,True
58uK0d4R5Rq4FDUNgNIFeI,Paperboy Fabe,True
597A6e3D22Vq4gxyh4mUjh,Hiten,True
59hLmB5DrdihCYtNeFeW1U,Glen Campbell,True
59wfkuBoNyhDMQGCljbUbA,Diddy,True
59Yq0xrABEihHANsfo9QMT,Blanke,True
5a2EaR3hamoenG9rDuVn8j,Prince,True
5aBxFPaaGk9204ssHUvXWN,Michael W. Smith,True
5acenmixbZVmxdHn0Je47D,Calming Lesmo,True
5aIqB5nVVvmFsvSdExz408,Johann Sebastian Bach,True
5AT79GgEygZW9OVGweJeBu,Andrew Rick,True
5AxCkKr6aZBRfm9KD7ermh,Leslie Jordan,True
5b9r8wJcTcjRrOECClHYkO,Rizzolo,True
5bb5uytW59wDF0gpv8iQbE,J-Live,True
5BcbyYRgvvhfVGmCJSjHlT,Manuel de Falla,True
5bffMOXdgky3JoFaU3imdn,DJ MR GOSHI2,True
5Bo5WRNdz8ZOSVA6nJs5M9,RAAHiiM,True
5btXRFPLxDHay7eed3kHLd,Rain ZPE,True
5c9uFWpZY2MTlk7Rft0tgp,Janis Ian,True
5CCwRZC6euC8Odo6y9X8jr,Rita Ora,True
5CiGnKThu5ctn9pBxv7DGa,benny blanco,True
5cj0lLjcoR7YOSnhnX0Po5,Doja Cat,True
5CLrCvwdH6ZNjrcqx4XnzN,Tippu Sultan,True
5cMgGlA1xGyeAB2ctYlRdZ,Gang Starr,True
5d1JhBfyb58upMXCZOdbQu,Phil Wickham,True
5D6V4Z6oPz4waooiuBaWIf,Sátyr,True
5dbuFbrHa1SJlQhQX9OUJ2,Don Henley,True
5dHt1vcEm9qb8fCyLcB3HL,A$AP Ferg,True
5DKuVtlpDH0agZQUFDy8O7,Pharoahe Monch,True
5Dl3HXZjG6ZOWT5cV375lk,Yo-Yo Ma,True
5dMnvpYEfXvSexjwnSRH5n,RaeLynn,True
5Do19ow5oRPYYU46jqdkwh,Bruce Channel,True
5e4Dhzv426EvQe3aDb64jL,Shania Twain,True
5E5ikG95jCGddzCFR1HnR8,James O'Donnell,True
5EbZ3EVGLkAoDJfn89PDXW,Aaron Goodvin,True
5ElM3J1gql1jnVyenXe7v2,Budapest Festival Orchestra,True
5ENS85nZShljwNgg4wFD7D,Gabry Ponte,True
5eumcnUkdmGvkvcsx1WFNG,Tito Double P,True
5EvFsr3kj42KNv97ZEnqij,Shaggy,True
5f7VJjfbwm532GiveGC0ZK,Lil Baby,True
5FacpiPeQOaDKcKXm1UcyA,Pari Pandher,True
5FKchcZpQOkqFvXBj1aCvb,Excision,True
5fMUXHkw8R8eOP2RNVYEZX,Diplo,True
5FxD8fkQZ6KcsSYupDVoSO,Omar Apollo,True
5FxVAiCRSETyMMPV8MDaHY,Lorez Alexandria,True
5goS0v24Fc1ydjCKQRwtjM,Johann Strauss II,True
5gqmbbfjcikQBzPB5Hv13I,Gazo,True
5GtMEZEeFFsuHY8ad4kOxv,Seal,True
5gznATMVO85ZcLTkE9ULU7,Lenny Kravitz,True
5H1nN1SzW0qNeUEZvuXjAj,Danny Ocean,True
5H4yInM5zmHqpKIoMNAx4r,Central Cee,True
5H5AamxoCVgL2GCosgZcXt,Stella Aurao,True
5he5w2lnU9x7JFhnwcekXX,Skrillex,True
5HeN1Iza4nZe03sFlonddz,Eugenio Esquivel,True
5hW4L92KnC6dX9t7tYM4Ve,Joni Mitchell,True
5hzPkgJBMM9LUlO00sH6TV,Milo Graves,True
5iB5AWIa7qreioi0AF3Bxa,The Bellamy Brothers,True
5IbEL2xjRtKsunfmsahLuO,$NOT,True
5icKdCmMhNMYoAzVBAWt39,Dax,True
5IcR3N7QB1j6KBL8eImZ8m,ScHoolboy Q,True
5IDs1CK15HegSAhGEbSYXo,Billy Ocean,True
5ieRNtQmVhIhCkQA4ZkK6L,Vassily Sinaisky,True
5Igpc9iLZ3YGtKeYfSrrOE,Chris Lake,True
5IH6FPUwQTxPSXurCrcIov,Alec Benjamin,True
5ihY290YPGc3aY2xTyx7Gy,Edvard Grieg,True
5IkHDfUNRiqyATjgbDHuGy,Sky Travis,True
5ILrArfIV0tMURcHJN8Q07,Vanessa Carlton,True
5iqStkZi6QmG8sgQZQrfGN,Danielle Bradbery,True
5iRBqpTEOgggnri1awdnNZ,Denis Kozhukhin,True
5IrxhrMyvZxzgPYrC9j2km,Ian Asher,True
5Is7r23SF0uCXeFzwOMZW5,Lysandre Ménard,True
5ITI6SEoUZMIXXkzCfr4oE,Aluna,True
5iZMWWLoDJH1u6Ru2rOEsd,Keen' V,True
5J0V2NU23Rfh99C1bQJMiM,Aquatic Dreamer,True
5J32qSlWzKCdcL31B8wglv,Big Syke,True
5J6L7N6B4nI1M5cwa29mQG,Alison Krauss,True
5J7rXWjtn5HzUkJ4Jet8Fr,Alvaro Diaz,True
5JGfWE8Ws1aBP8283nSy8R,The SubOceaners,True
5Jj4mqGYiplyowPLKkJLHt,Tom Cochrane,True
5jJN1nmKXzRjodMl1THQeI,Looking Glass,True
5jNGQ7VOU87x5402JjhTtd,Deniece Williams,True
5JSgVFubDnbqYDUWPzl4tj,Misa Bee,True
5jTtGLk1mGFMY5lQOvJYUj,bôa,True
5Jv1MsZBh0sqokFq7pU8Xg,Pheelz,True
5jwt0e3bddxJFS0qGhvv9n,Arthur Taylor Trio,True
5JZ7CnR6gTvEMKX4g70Amv,Lauv,True
5jZeLexrrwGNUy6nv7tzdr,C4C,True
5K0rbdBrs2tNXe5LeWMATT,Bootsy Collins,True
5kCSdIBChGo0GjOEuyjb40,Cristoforo Giordano,True
5Kkhk21siwbW3BfZUwpykJ,Katie Lopez,True
5KKpBU5eC2tJDzf0wmlRp2,RAYE,True
5kkVPwCLmdkqaSQpptZtXj,Kingpin Skinny Pimp,True
5KNNVgR6LBIABRIomyCwKJ,Dermot Kennedy,True
5krkohEVJYw0qoB5VWwxaC,The Black Crowes,True
5ksRONqssB7BR161NTtJAm,Ace of Base,True
5L1lO4eRHmJ7a0Q6csE5cT,LISA,True
5l8VQNuIg0turYE1VtM9zV,Leonard Cohen,True
5lCekoJW9jNq01B1wiqdAb,Crankdat,True
5LfGQac0EIXyAN8aUwmNAQ,The Offspring,True
5LHRHt1k9lMyONurDHEdrp,Tyga,True
5lkiCO9UQ8B23dZ1o0UV4m,Jackson Browne,True
5lKZWd6HiSCLfnDGrq9RAm,Leona Lewis,True
5lpH0xAS4fVfLkACg9DAuM,Wham!,True
5M0lbkGluOPXLeFjApw8r8,DRAM,True
5M1ZBrPeHjV8y3qFKnq7hO,Luciano Berio,True
5M52tdBnJaKSvOpJGz8mfZ,Black Sabbath,True
5me0Irg2ANcsgc93uaYrpb,The Notorious B.I.G.,True
5mnS9jJdKQQcRSqFu5YPVe,Auli'i Cravalho,True
5MspMQqdVbdwP6ax3GXqum,Annie Lennox,True
5n286gaq2TJok5XfBjSX7q,Knowsum,True
5NDMothbpdpq2xHqSjrrWn,Faith Evans,True
5nGIFgo0shDenQYSE0Sn7c,Evanescence,True
5NGO30tJxFlKixkPSgXcFE,The Police,True
5NhgsV7qPWHZqYEMKzbYvo,Faouzia,True
5nki7yRhxgM509M5ADlN1p,Oliver Heldens,True
5OdOZHljmANwGvN71E6KJm,A. Blomqvist,True
5OfhOoKunSnuubxxRML8J3,Mr. Big,True
5olcgTzelGdyP1rHRLyWgs,S.Pri Noir,True
5olrQpDroHT7sjmYWMLivy,Pressa,True
5on19ok7di3nj6e4OEh5PU,Noise Chillantro,True
5oNgAs7j5XcBMzWv3HAnHG,DJ Drama,True
5oOhM2DFWab8XhSdQiITry,Tycho,True
5os0Ltvz8Q8BvXOPOd1frx,Inner Circle,True
5Ouz17H301vQh6K1snZRln,Juno Reed,True
5owt030AopCYxSP5NZldpI,Michael Chausson,True
5ozhAjJnyusQHHWCp9GmYy,Sally Holland,True
5Pj7u76MK9VDyzDiAyYPSL,Katia Labèque,True
5pKCCKE2ajJHZ9KAiaK11H,Rihanna,True
5pkU7zjIzHgfN1n91e51r3,RSCL,True
5pMmqpG3HsoJ6EDDoXGXEr,Jim Hall,True
5PN2aHIvLEM98XIorsPMhE,Kim Carnes,True
5PokPZn11xzZXyXSfnvIM3,Lifehouse,True
5pqxSFve9m0SJub8CczKg9,Ukraine National Radio Symphony Orchestra,True
5Pwc4xIPtQLFEnJriah9YJ,OneRepublic,True
5PYToRCsrnvikZg3yl2JMr,Stephanie Beatriz,True
5Q3USAuNC7NpbhO9JqN2uK,The Nightgate,True
5q4AzEtCoYJyXjMMoEkSU5,Bachman-Turner Overdrive,True
5q8HGNo0BjLWaTAhRtbwxa,Brantley Gilbert,True
5qa31A9HySw3T7MKWI9bGg,FLETCHER,True
5qBZETtyzfYnXOobDXbmcD,Danny Elfman,True
5QdEbQJ3ylBnc3gsIASAT5,G Herbo,True
5QggUZgvXPXT5X0jouJKBr,Bliss Phenomena,True
5QNm7E7RU2m64l6Gliu8Oy,HARDY,True
5QuBVnBPEzwYvFrgBbwpmU,Empress Of,True
5r3wPya2PpeTTsXsGhQU8O,Shubh,True
5rBFU1rhgs1nNghopuj9k8,((( O ))),True
5RdqZVi36tpDPYNPw8jJbO,Julie Andrews,True
5RFv0vIgbz020yHVboJQ0y,Lahti Symphony Orchestra,True
5rGrDvrLOV2VV8SCFVGWlj,Imanbek,True
5ri9bptYMMNYWNsdGs3g68,V3rkefni 1,True
5RJFJWYgtgWktosLrUDzff,Griff,True
5rJMWRWoISTfzsFsGHSzP9,Cassandra Nestico,True
5Rl15oVamLq7FbSb0NNBNy,5 Seconds of Summer,True
5rSXSAkZ67PYJSvpUpkOr7,Backstreet Boys,True
5rX2c1zow6hCph8PnnU3kF,Astrud Gilberto,True
5RzjqfPS0Bu4bUMkyNNDpn,Dizzy Gillespie,True
5SB7fgTMdoI0NbO5uEfp9D,Sergej Bezrodny,True
5sD1ZLf2dGQ9gQ3YJl1eAd,Blind Melon,True
5SEW04tNMMrOz7UFQJA6vz,Henry Jackman,True
5SHgclK1ZpTdfdAmXW7J6s,The Last Dinner Party,True
5SHxzwjek1Pipl1Yk11UHv,Tom Grennan,True
5sieaTASHA1VDIsOg04ubm,Chandra Brar,True
5spEJXLwD1sKUdC2bnOHPg,Bone Thugs-N-Harmony,True
5Sv7K5dTZGilfyrxYIFVSJ,Walter Berry,True
5SXuuuRpukkTvsLuUknva1,Baby Keem,True
5sy77gt4bfsLcSQ8GIe4ZZ,Alan Menken,True
5szJHKg5xeUlQ9pTqzdpic,Taiu,True
5T0MSzX9RC5NA6gAI6irSn,Estelle,True
5t5FqBwTcgKTaWmfEbwQY9,ENHYPEN,True
5tFRohaO5yEsuJxmMnlCO9,Barns Courtney,True
5TnQc2N1iKlFjYD7CPGvFc,DAY6,True
5tTsrGPwQRWUsHR2Xf7Ke9,Natalie Cole,True
5U827e4jbYz6EjtN0fIDt9,Arnold Schoenberg,True
5UdPkKWd8YNR5xGcmqH9QJ,Jason Weaver,True
5uEeqYFuIChoWKy34jp8xE,Brando,True
5uOO6CI45847UsjUQsd2iS,Kamehameha Schools Children's Chorus,True
5UsqoUP7SvgIAMXyJDcOf2,Choeur de l'Orchestre Symphonique de Montréal,True
5uSY4FF3dZMCVSkZslKCHi,Michael Schenker Group,True
5uYXMC13cIUulobh204QuK,The Mighty Mighty Bosstones,True
5V0MlUE1Bft0mbLlND7FJz,Ella Fitzgerald,True
5v74mT11KGJqadf9sLw4dA,Cannonball Adderley,True
5vBSrE1xujD2FXYRarbAXc,Olly Alexander (Years & Years),True
5VfqJBmXcf6ZqXoGij5qTE,Tevin Campbell,True
5VJreBDjx8zamtY3YyZyMr,Summer Clarke,True
5vngPClqofybhPERIqQMYd,George Strait,True
5VRErWhTZd0si1lqt1DwoW,Jacqueline du Pré,True
5vSQUyT33qxr1xAX2Tkf3A,Clams Casino,True
5vucpx7FKc7HDHdikz6R6Y,Jon Derison,True
5Vuvs6Py2JRU7WiFDVsI7J,Lucky Daye,True
5VX8hxrcfJWwaTLiqGUHG3,TobyMac,True
5W10uJRsbt9bROJDKoI1Wn,Moses Sumney,True
5W5bDNCqJ1jbCgTxDD0Cb3,Willie Nelson,True
5Wg2b4Mp42gicxEeDNawf7,A7S,True
5WimOFbBnCU5wI6t5PPpEk,Shocking Blue,True
5WIoytpqi3VWoFSHnl49in,Aram Khachaturian,True
5WKLrD3PamTJ6XPLeI3CXg,Matthias Trapp,True
5WPKIg5kP6Ov7DrSGCqj2H,The BD Noise Maker,True
5wqQVApxKeHbMsfLJTfWMJ,Shaylen,True
5wTAi7QkpP6kp8a54lmTOq,Johannes Brahms,True
5WUlDfRSoLAfcVSX1WnrxN,Sia,True
5WWSL6rElJeUk3Uc1S2RyD,Dead Or Alive,True
5X3hmAle6klG0VvstAnvyD,Sir John Barbirolli,True
5X5cGjYEmKnuihYXEePQcs,Pascal Rogé,True
5x7BmkqNC3iDXqN4PvDwdK,Rufus Odobata,True
5xh6szshoZ0UfZD1x6QzZG,NDS,True
5xiFtN2r8Rc3jJ6pkrm7W8,Sami Kaur,True
5XKFrudbV4IiuE5WuTPRmT,Stephen Sanchez,True
5xQKoGD7Ql92fWd1uWwKkf,Steve Perry,True
5XTxV2ifoYkmNb13Gb6cKz,Sash!,True
5xUf6j4upBrXZPg6AI4MRK,Soundgarden,True
5Y1ry2fgj4VzEjWndZu8Rw,Rob Grant,True
5y2Xq6xcjJb2jVM54GHK3t,John Legend,True
5Y3MV9DZ0d87NnVm56qSY1,Tiago PZK,True
5Y5TRrQiqgUO4S36tzjIRZ,Timbaland,True
5y8tKLUfMvliMe8IKamR32,d4vd,True
5Y9xEAGW4GwGJgbiI6W85P,Ritchie Valens,True
5yBqlv8zkkzTmWN0TtjMf4,Matheo Lyon,True
5YBSzuCs7WaFKNr7Bky0Uf,Olivia,True
5yCOPpDHEQxwSJJL2LAqLj,Mack Brock,True
5YGY8feqx7naU7z4HrwZM6,Miley Cyrus,True
5ynIpFDk091P5NvdaMsrEO,Lukas Glenn,True
5yPzzu25VzEk8qrGTLIrE1,Young Nudy,True
5YxebzzreNswbtYC1td4cx,Tasha Cobbs Leonard,True
5yxyJsFanEAuwSM5kOuZKc,London Symphony Orchestra,True
5yy76ufVriyvidNSvXlRU1,Clever,True
5ZATfKurLqflrBhv2FLht5,Horace Silver,True
5zaXYwewAXedKNCff45U5l,Dusty Springfield,True
5zCaQxjl110XTrm4LQ1CxY,Herbert von Karajan,True
5ZEAzHE2TzAwUcOj6jMIgf,Donny Osmond,True
5ZGyCOrODWwaVtLSDjayl5,Yannick Nézet-Séguin,True
5ZprAKTt6mHV0qSdABSUPx,Nick Mosh,True
5Zq7R5qmi58ByYyBQTlNuk,Lee Brice,True
5ZrLtkcI48xbgH57MyAjEO,John Felipe,True
5ZS223C6JyBfXasXxrRqOk,Jhené Aiko,True
5ZsFI1h6hIdQRw2ti0hz81,ZAYN,True
5zuqnTZOeJzI0N0yQ7XA7I,Ruston Kelly,True
5ZYniVpbDvHg0ywuRU8Wb7,Sky Fall SF,True
5ZzO786ViqgegCIoa28OPx,SHADXWBXRN,True
5zzrJD2jXrE9dZ1AklRFcL,KT Tunstall,True
602DnpaSXJB4b9DZrvxbDc,Peggy Lee,True
60d24wfXkVzDSfLS6hyCjZ,Martin Garrix,True
60df5JBRRPcnSpsIMxxwQm,Otis Redding,True
60ht0hWRy1yjUDfNsLuHuP,Lucinda Williams,True
60rpJ9SgigSd16DOAG7GSa,Billy Ray Cyrus,True
60wslYioiBcxSTInM4nIy2,Jordan Fisher,True
61fqRzZ9aHyPeTdUIqEEFx,Kristian Stanfill,True
62DmErcU7dqZbJaDqwsqzR,Popcaan,True
62k5LKMhymqlDNo2DWOvvv,Boys Noize,True
62RUJAVFb2U8n54mYnZAmS,Roach Killa,True
62TD7509VQIxUe4WpwO0s3,Johann Pachelbel,True
63wjoROpeh5f11Qm93UiJ1,Keri Hilson,True
63XBtGSEZINSyXylZxEUbv,Victoria Monét,True
64CuUOOirKmdAYLQSfaOyr,The Emotions,True
64KEffDW9EtZ1y2vBYgq8T,Marshmello,True
64M6ah0SkkRsnPGtGiRAbb,Bebe Rexha,True
64RIcJtRLemOOUbQTx00OW,Trap Of Sounds,True
64tNsm6TnZe2zpcMVMOoHL,Alice In Chains,True
65c5si0ePAwkOCn4M35Ho7,Sérgio Mendes,True
65dGLGjkw3UbddUg2GKQoZ,BADBADNOTGOOD,True
65YhYi4Fz5Ibgq7ueev2Rm,Frederick Delius,True
66CXWjxzNUsdJxJ2JdwvnR,Ariana Grande,True
66ihevNkSYNzRAl44dx6jJ,Carin Leon,True
66lH4jAE7pqPlOlzUKbwA0,Miranda Lambert,True
66TrUkUZ3RM29dqeDQRgyA,Ella Eyre,True
66W9LaWS0DPdL7Sz8iYGYe,JP Saxe,True
67ea9eGLXYMsO2eYQRui3w,The Who,True
67MNhiAICFY6Pwc2YxCO0K,Elley Duhé,True
67PZTxaHKMZBFRUh8wIzCy,John Coltrane Quartet,True
67wCYxOq4A1ohAs7jWYaOJ,Rik Rok,True
687cZJR45JO7jhk1LHIbgq,Tems,True
68dr8j57cUoepznTIrbHcm,David Bengloff,True
68kACMx6A3D2BYiO056MeQ,Teddy Pendergrass,True
68KmkJeZGfwe1OUaivBa2L,ATEEZ,True
695W5F2Ih8dYahLdjVOIoH,Christopher Cross,True
699OTQXzgjhIYAHMy9RyPD,Playboi Carti,True
69Fk1s1lzINOKqoSWjjEiE,Charley Pride,True
69GGBxA162lTqCwzJG5jLp,The Chainsmokers,True
69lxxQvsfAIoQbB20bEPFC,Philip Glass,True
69Mj3u4FTUrpyeGNSIaU6F,The J. Geils Band,True
69UypehHabb68utzfjAVlV,Kany García,True
6A43Djmhbe9100UwnI7epV,CAKE,True
6A7uqgC2N1nUhrCLAytHxN,PUP,True
6Ad91Jof8Niiw0lGLLi3NW,YUNGBLUD,True
6AgTAQt8XS6jRWi4sX7w49,Polo G,True
6aiFCgyKNwF9Rv5TOxnE8E,IDK,True
6AMa1VFQ7qCi61tCRtVWXe,Jim Jones,True
6aNZ6GQv8yP3HFmpXtGY5r,Petra Mogensen,True
6APm8EjxOHSYM5B4i3vT3q,MercyMe,True
6aq8T2RcspxVOGgMrTzjWc,Soft Cell,True
6ASri4ePR7RlsvIQgWPJpS,iann dior,True
6AUl0ykLLpvTktob97x9hO,Tee Grizzley,True
6aX6KqXgEcARRHwvWxHcFW,Johnny Orlando,True
6aZyMrc4doVtZyKNilOmwu,Colbie Caillat,True
6B5c4sch27tWHAGdarpPaW,Seether,True
6b5YOgXIliAozdo49vUCJQ,Izzy Bizu,True
6beTArFVpUujvkHi9FVPqs,Gary Go,True
6BH1xcDkwbbyrLMUKECsW1,Toosii,True
6biWAmrHyiMkX49LkycGqQ,Thin Lizzy,True
6bmlMHgSheBauioMgKv2tn,Powfu,True
6BrvowZBreEkXzJQMpL174,Hardwell,True
6C1ohJrd5VydigQtaGy5Wa,Joyner Lucas,True
6cE6l2zY3xSJFbGQmMZDXc,Royal Liverpool Philharmopnic Orchestra,True
6cEuCEZu7PAE9ZSzLLc2oQ,R3HAB,True
6cK3NBO6uP7hh0oyuVELFl,Saweetie,True
6clbbhnIqpHnqxwtOWcilg,Little River Band,True
6CwfuxIqcltXDGjfZsMd9A,MARINA,True
6CWTBjOJK75cTE8Xv8u1kj,Feist,True
6CXezToiGS8K6jr9kr8Muv,The Jordanaires,True
6d1sDvwkZD0AznrXcFgDUu,Sofia Runmon,True
6d47Z08T4snK50HgTEHo5Z,Sage The Gemini,True
6DCIj8jNaNpBz8e5oKFPtp,The Cars,True
6deZN1bslXzeGvOLaLMOIF,Nickelback,True
6DgP9otnZw5z6daOntINxp,Joel Corry,True
6DhRdG6ckA1u7hxnZzF2VL,Dusty Kadinsky,True
6dJeKm76NjfXBNTpHmOhfO,Selena Gomez & The Scene,True
6dn6x1XOng3LOAnfTjUn77,AJ Mitchell,True
6DoH7ywD5BcQvjloe9OcIj,Ray LaMontagne,True
6DPYiyq5kWVQS4RGwxzPC7,Dr. Dre,True
6e7BQ0gM6o8ecMXRZkXxlZ,Karriem Riggins,True
6eJqAWJdd8JhAN1pQGie4r,Casting Crowns,True
6ekcMUMZoiX2HBbQGZgNh1,Souldia,True
6eoJpTIlcuxJNjV5fDzDJH,Live,True
6eUKZXaKkcviH0Ku9w2n3V,Ed Sheeran,True
6evVLxWyiwmi8gDtHn1Vzx,Percy Grainger,True
6exNpXC777DwaiJHKM6Vy0,Rnwy Lites,True
6eYFryfcEu3QSq59D62wZQ,Brendon Urie,True
6EyYsJlQEb3uHINVS5EIsB,Nicolas Horvath,True
6FBDaR13swtiWwGhX1WQsP,blink-182,True
6FD0unjzGQhX3b6eMccMJe,Ghostface Killah,True
6Ff53KvcvAj5U7Z1vojB5o,*NSYNC,True
6FITmSxIMsk6TfulFiCIIz,Ram Jam,True
6fOMl44jA4Sp5b9PpYCkzz,NF,True
6FQqZYVfTNQ1pCqfkwVFEa,Foals,True
6fWVd57NKTalqvmjRd2t8Z,24kGoldn,True
6fynenqBn7lrlAgVCw5YnB,Moderator,True
6g10GEtmIVqIQBhPZh4ScQ,Zach Williams,True
6GbCJZrI318Ybm8mY36Of5,Faith No More,True
6gbF9RxLqZUcMD39LLySqh,Harvey Lanza,True
6GEykX11lQqp92UVOQQCC7,DJ Premier,True
6GfiCQDFYANz5wUkSmb3Dr,Thousand Foot Krutch,True
6Ghvu1VvMGScGpOUJBAHNH,Deftones,True
6GI52t8N5F02MxU0g5U69P,Santana,True
6gkWznnJkdkwRPVcmnrays,Sister Sledge,True
6GSMXtegoAGXg4CvixzInT,Audioable Noise,True
6H1RjVyNruCmrBEWRbD0VZ,Def Leppard,True
6H3KpzoFcsyiizhxJDboDB,Sidney Hatfield Trio,True
6HaGTQPmzraVmaVxvz6EUc,Jung Kook,True
6HhV0jtMMK5HYnYgG0xgtz,The War And Treaty,True
6hk7Yq1DU9QcCCrz9uc0Ti,Kimbra,True
6hN9F0iuULZYWXppob22Aj,Simple Minds,True
6hnWRPzGGKiapVX1UCdEAC,Sam Cooke,True
6ho3Q9yBtL0CHlJwV9TKCr,Adrian Stenhammar,True
6hrEc1XqVcGLK0Di6zVADR,Mary Lou Williams,True
6HvZYsbFfjnjFrWF950C9d,NewJeans,True
6i2uc5LaqqgBJ6SozGzryq,Rustique Beats,True
6I6fmQU7HGrUsCm4B5Nlk3,Royal Liverpool Philharmonic Orchestra,True
6icQOAFXDZKsumw3YXyusw,Lil Yachty,True
6Id8rcDNyBXPcgKQVfQ8rX,Samuel E. Wright,True
6If57j6e3TXXk0HiLcIZca,Sevyn Streeter,True
6IFXsrXBpwbIqtOUOiAa3p,Rick Springfield,True
6IP4VnqS1pOiQcPVP4zx0H,Prem Dhillon,True
6Ip8FS7vWT1uKkJSweANQK,Dave,True
6IYnSXO40Bh7Zdqhf6rQoj,Alannah Myles,True
6Iz3eq2aQGFf7TbGT2iahL,Gabby Barrett,True
6ja6QKojqolpOJpChYXHTf,Paula Fuga,True
6Ja6zFB5d7XRihhfMo6KzY,Jozzy,True
6jdObwsrIjSRnBbMw6lPBj,Seals and Crofts,True
6jdXzmcf0crcLQOkn58oLQ,Liquid Planet Recordings,True
6jeg7JBX9J9097esK752iR,Smiley,True
6jEiUoyyJNPHzSR0Nib6HX,Walk off the Earth,True
6JexoE8wiAiQBZQtKGRfno,Tyga Productions,True
6jGMq4yGs7aQzuGsMgVgZR,Lil Tjay,True
6JigcebfXFm692mmnDVDFO,Alexander Lazarev,True
6jJ0s89eD6GaHleKKya26X,Katy Perry,True
6JL8zeS1NmiOftqZTRgdTz,Meghan Trainor,True
6JWxnRLmLn5kIc1IDLMaja,Ella Watson,True
6jzQUeRZexHKG2fjsCpmi6,Noah Florence,True
6k3VpzOQdieancZ2fYYhRj,Leon Arms,True
6K9KevAu0cpln7xOsM3Wkm,IVOXYGEN,True
6kACVPfCOnqzgfEF5ryl0x,Johnny Cash,True
6kBjAFKyd0he7LiA5GQ3Gz,Aqua,True
6kFlt59HATOROWfm7ZuxYC,Lea Bremer,True
6KHAX77UjY8HXrbGJjZNtI,Lo Amber,True
6kHu5ICQRBZdsAHjAjQlmp,Agatha Lee Monn,True
6KImCVD70vtIoJWnq6nGn3,Harry Styles,True
6kuGpAbghR1QObbtmJQX3f,Guri Nimana,True
6Kv77H8NfrNdRoGMCeuIVz,Darlington,True
6KVnMm856M8CHHBCw53Ihh,Natalie Grant,True
6KvuacOcxH22xWgQTAwxui,Peach Luffe,True
6kz53iCdBSqhQCZ21CoLcc,Culture Club,True
6L34dW6SKMSDaGIfYDU19j,Maes,True
6l3HvQ5sa6mXTsMTB19rO5,J. Cole,True
6l40OFJhuTbHQ9V12evc9K,Gerry Mulligan,True
6L9h5cN2DNOoMqFRgIv7uU,Banks,True
6lcwlkAjBPSKnFBZjjZFJs,Alex G,True
6lHO1eGthNnos9KP2BH0cG,Puma Blue,True
6LqNN22kT3074XbTVUrhzX,Kesha,True
6lrsSXFmqs1QlXzV9XjQxL,LWD Rain,True
6LuN9FCkKOj5PcnpouEgny,Khalid,True
6M2wZ9GZgrQXHCFfjv46we,Dua Lipa,True
6m3MUFzflTDG8M0r7Isk9U,Elsa Pelling,True
6mcrZQmgzFGRWf7C0SObou,Frankie Valli & The Four Seasons,True
6MF58APd3YV72Ln2eVg710,Felix Mendelssohn,True
6mGZXaZ4SWNh6IsJ57thCp,Fernando Ortega,True
6mmSS7itNWKbapgG2eZbIg,Knock2,True
6MrZj6wqVagXe1UQ8AYWgZ,Devarrow,True
6n28c9qs9hNGriNa72b26u,PNAU,True
6n45wsxj6sDedgwEyTza6d,Fafá de Belém,True
6n7nd5iceYpXVwcx8VPpxF,Antonín Dvořák,True
6nfYGe7IIuuP5bMY1jkJP6,Jermaine Dupri,True
6ns6XAOsw4B0nDUIovAOUO,GZA,True
6NUhQz7eAEsZvjEHTKHux9,Sir Neville Marriner,True
6nVcHLIgY5pE2YCl8ubca1,Jhayco,True
6nZiWg5ZB511S24WmB7TCV,Alexander Scriabin,True
6NzM38IkXdbQsQ4qW9CG7z,Amil,True
6nzxy2wXs6tLgzEtqOkEi2,Monica,True
6O2zJ0tId7g07yzHtX0yap,Mobb Deep,True
6O3ZB5Cz5CNT3wQWouKcNJ,Carmen Twillie,True
6O5Xi2xT3bICu1ZLXqLYRE,The Tea Party,True
6ogn9necmbUdCppmNnGOdi,Alanis Morissette,True
6OheJTrDFGiyZ67F1BBLhc,Crystal Gayle,True
6olE6TJLqED3rqDCT0FyPh,Nirvana,True
6p5JxpTc7USNnBnLzctyd4,Phillip Phillips,True
6P5NO5hzJbuOqSdyPB7SJM,Ashe,True
6P5vbqhRX2ZrMmFLQHZ3Mr,Leyland Rogers,True
6PAt558ZEZl0DmdXlnjMgD,Eric Clapton,True
6pAwHPeExeUbMd5w7Iny6D,Richard Strauss,True
6PDLwWvgYNMfBRLqC1h5cJ,Buddy,True
6pGgP4CDlYMumihpD3CAwm,Sofiloud,True
6piIAIurGAryW5h1rqQC16,Passion,True
6PKn0AB4MUWk51WWdZLPMd,Alec Wynter,True
6PozOimyS8a9OxMddMSBCf,Molella,True
6pRi6EIPXz4QJEOEsBaA0m,Chris Tomlin,True
6PXS4YHDkKvl1wkIl4V8DL,Fetty Wap,True
6Pys4xsyQVA5ZjkN2Ka2S7,Hal Ketchum,True
6pzfUmBsQAKxOhy0NSi8zn,Anne-Sophie Mutter,True
6Q192DXotxtaysaqNPy5yR,Amy Winehouse,True
6QEKXJs8gQCiyBq5L8knco,Linda McCartney,True
6qgnBH6iDM91ipVXv28OMu,KAYTRANADA,True
6QMABvTzixnxzsLYyhqRxI,Majestic,True
6qqNVTkY8uBg9cP3Jd7DAH,Billie Eilish,True
6QQuESLtKhAOcLW2TeWC2t,Art Blakey,True
6QtGlUje9TIkLrgPZrESuk,Steve Miller Band,True
6qWpPgfKJehZmeJMIeicqW,Monica,True
6qxpnaukVayrQn6ViNvu9I,BigXthaPlug,True
6qzi6mPoJU4cBlO76U1Il1,Philip Sheppard,True
6r1Xmz7YUD4z0VRUoGm8XN,Leon Russell,True
6r2niOTnexy9xss5g8GWXH,Yasiin Bey,True
6RBs2gBQlEgSAITbC9wB6h,Eli Rose,True
6RHTUrRF63xao58xh9FXYJ,IVE,True
6rJqqRce0Kvo2dJUXoHleC,Alabama,True
6roFdX1y5BYSbp60OTJWMd,Tim McGraw,True
6rqU9HQ57NYGBnBzbrY3a4,Paul Young,True
6RsX7qYw5KVKiOjS8BxjL5,William Walton,True
6Rx1JKzBrSzoKQtmbVmBnM,Hayley Williams,True
6RZUqkomCmb8zCRqc9eznB,Placebo,True
6S0dmVVn4udvppDhZIWxCr,Sean Kingston,True
6S0GHTqz5sxK5f9HtLXn9q,Garbage,True
6s1pCNXcbdtQJlsnM1hRIA,Dmitri Shostakovich,True
6S2OmqARrzebs0tKUEyXyp,Demi Lovato,True
6Sbl0NT50roqWvy746MfVf,Gabito Ballesteros,True
6sCbFbEjbYepqswM1vWjjs,Zendaya,True
6Se1y4vDcu9fVHLqdj1N3q,Wuki,True
6sFHvCyqklnJpXC9Nh1aag,Alexander 23,True
6SFUC6ORDCIBqPssCBpeHT,Patty Loveless,True
6sHCvZe1PHrOAuYlwTLNH4,Gus Dapperton,True
6SKusTjOAPsTZ6kareKQdm,TAEYONG,True
6SLAMfhOi7UJI0fMztaK0m,Rainbow,True
6sLwRSXSUF5JTUnQaFenyj,Christopher Jackson,True
6t7nbFAc2dUa7oNu7kBOui,Michelle Williams,True
6tbjWDEIzxoDsBA1FuhfPW,Madonna,True
6TcnmlCSxihzWOQJ8k0rNS,Third Eye Blind,True
6TD08jYeuN128P2MZTbc8E,Chicago Symphony Orchestra,True
6tdexW8bZTG8NgOFUCYQn1,Philadelphia Orchestra,True
6Te49r3A6f5BiIgBRxH7FH,Ninho,True
6TLwD7HPWuiOzvXEa3oCNe,Oliver Tree,True
6tUJpYN2aYiXbzAcg0pIOo,Sinéad Harnett,True
6Tw1ktF4xMmzaLLbe98I2z,Harry Belafonte,True
6twIAGnYuIT1pncMAsXnEm,Commodores,True
6Tz0QRoe083BcOo2YbG9lV,Nena,True
6U0dJxYVB41L8WDZ02Nwuk,Dj Samir,True
6u11Qbko2N2hP4lTBYjX86,Peter Bjorn and John,True
6U1dBXJhC8gXFjamvFTmHg,Zac Efron,True
6U3ybJ9UHNKEdsH7ktGBZ7,JID,True
6UfoTQXaV3DuqtDVjZIxwZ,Cheryl Lynn,True
6UGfKivLtHEJnrNdPcZHZh,Pearl Melendez,True
6Uh8uJyN9g7oFjDK16nJgb,Juelz Santana,True
6Uhp7WA6sjm5ZL6Xz561de,Living Colour,True
6uQKiJZQe4rjkMF0HxIGTl,dashie,True
6uRJnvQ3f8whVnmeoecv5Z,Berliner Philharmoniker,True
6UxIoQdnDknYEYsVX61G9z,Celestial Noise,True
6uxWOe8za52RuvwfuxM1aB,Artist Of The Year,True
6V3F8MZrOKdT9fU686ybE9,Mark Morrison,True
6V6WCgi7waF55bJmylC4H5,Gloria Gaynor,True
6v8FB84lnmJs434UJf2Mrm,Neil Young,True
6VDdCwrBM4qQaGxoAyxyJC,Cold War Kids,True
6veh5zbFpm31XsPdjBgPER,BIA,True
6vGCQS2VmikoQOsXgFN3Ec,Matt Crocker,True
6vJSPd6G272bUvUAisTCvd,Maddox Batson,True
6VuMaDnrHyPL1p4EHjYLi7,Charlie Puth,True
6vUNwmljZAcn7tNtUoxG45,Old Sea Brigade,True
6vWDO969PvNqNYHIOW5v0m,Beyoncé,True
6vXTefBL93Dj5IqAWq6OTv,French Montana,True
6VZhEArsID7ayvhvG7DRGl,Leander Vaughn,True
6W1BHDF0T4a4KYcSwzD586,k.d. lang,True
6W6iYN5Sz5DbA8CgLWBeoU,Michael-Leon Wooley,True
6waa8mKu91GjzD4NlONlNJ,The Hollies,True
6wosCo4oHuuIP2L5WxKaaX,Gus Anderson,True
6wtLDIGKKFNj1SgEJgkfVu,lumen,True
6WY7D3jk8zTrHtmkqqo5GI,Maren Morris,True
6x1iIq6sH6TPtCA5IJjA4x,Yuri Bashmet,True
6x2LnllRG5uGarZMsD4iO8,Thomas Rhett,True
6Xb4ezwoAQC4516kI89nWz,Imogen Heap,True
6XB7gCSvNN5AkoAhEFv7Cg,Tonhalle-Orchester Zürich,True
6xeFne1rkxMhKSW3ipvkdV,Toploader,True
6Xgp2XMz1fhVYe7i6yNAax,Trippie Redd,True
6XIT5sGHOtxVgqtSnMCYZ6,Dick Van Dyke,True
6XpaIBNiVzIetEPCWDvAFP,Whitney Houston,True
6xQvQwZQQuq9R3TdPNbcR8,Bassjackers,True
6xrCU6zdcSTsG2hLrojpmI,José González,True
6xS5PpBWaVYraexEkEjjXv,Maxo Kream,True
6xvpfMjWTougrRRtK7iikz,Mason Ramsey,True
6XyY86QOPPrYVGvF9ch6wz,Linkin Park,True
6XZxFuZaBnZBngpxbut80O,Wiener Symphoniker,True
6y5amJcTjeDgLXIjtQLMst,SAYGRACE,True
6Y64EaNqpqcZYTgs4c76gF,jxdn,True
6yAWv145sy4X8JuioX2niU,Nicol Matt,True
6YdylYms0WgwK6KMRYcXE2,Jigar,True
6ykfXAed2KOLOMI3R0TZdz,Art Blakey & The Jazz Messengers,True
6yrBBtqX2gKCHCrZOYBDrB,"Peter, Paul and Mary",True
6ysKfYgiKUTMCuq2fSTLK3,xander.,True
6YVMFz59CuY7ngCxTxjpxE,aespa,True
6YWdHD3R863Apw1hkx3BwC,Dan Auerbach,True
6zFYqv1mOsgBRQbae3JJ9e,Billy Joel,True
6ZhjJOJXXwnPS8PrXdmjLw,UGK,True
6ZimDumlcobtV1cSRoIdo0,Siame,True
6ZLTlhejhndI4Rh53vYhrY,Ozzy Osbourne,True
6ZNeppgfBLPUyugks9Yn1u,Philip Bailey,True
6ZV6lGY0prbqpTD0Md8i29,Scotty McCreery,True
6zvul52xwTWzilBZl6BUbT,Pixies,True
70bBmVAlNo8W2qGhWp1mR8,Elijah Reeves,True
70cRZdQywnSFp9pnc2WTCE,Simon & Garfunkel,True
70gP6Ry4Uo0Yx6uzPIdaiJ,Bas,True
711MCceyCBcFnzjGY4Q7Un,AC/DC,True
716NhGYqD1jl2wI1Qkgq36,Bizarrap,True
7185Q95lPFld0aoPqO6e0U,Blue Wednesday,True
71Dhj822M1LGpuryPIV2KO,NEIMY,True
71dLaXD8sd1tV1LzFqUj3q,Sakari Oramo,True
71jzN72g8qWMCMkWC5p1Z0,Alexandre Desplat,True
71Ur25Abq58vksqJINpGdx,Miles Davis Quintet,True
7290H8m1Dwt8G7jm1y9CQx,Chris Isaak,True
72KyoXzp0NOQij6OcmZUxk,Midnight Oil,True
72OaDtakiy6yFqkt4TsiFt,Cher,True
72VzFto8DYvKHocaHYNWSi,Hot Chocolate,True
738OS3zrCO782uDiUN9pet,Lee Ann Womack,True
738wLrAtLtCtFOLvQBXOXp,Major Lazer,True
73eOFkJoiXKFsXIBE9Wwuv,Lownas,True
73Np75Wv2tju61Eo9Zw4IR,Idina Menzel,True
74ASZWbe4lXaubB36ztrGX,Bob Dylan,True
74cb3MG0x0BOnYNW1uXYnM,Hillsong UNITED,True
74eX4C98E4FCrAMl39qRsJ,Theory of a Deadman,True
74gcBzlQza1bSfob90yRhR,City and Colour,True
74gWOpgM97HU3Mn8A8d0Vm,Bavarian Radio Symphony Orchestra,True
74KM79TiuVKeVCqs8QtB0B,Sabrina Carpenter,True
74NBPbyyftqJ4SpDZ4c1Ed,Tom Morello,True
74oJ4qxwOZvX6oSsu1DGnw,Cream,True
74XFHRwlV6OrjEM0A2NCMF,Paramore,True
757aE44tKEUQEqRuT6GnEB,Roddy Ricch,True
75ehLoOSz7elHefmAk5QWa,Orchestre National Du Capitole De Toulouse,True
75jNCko3SnEMI5gwGqrbb8,Tammi Terrell,True
75RGXEBlI9OL7jBSMlf12W,7th Indigo,True
75zbTyxmkNUkQuygPB6fUQ,Golden Drops,True
762310PdDnwsDxAQxzQkfX,Depeche Mode,True
76BYMatrC95a7MaFSxeU9g,Imperial Atlas,True
76mnXDnPlFWta9lUzGQnNC,Toronto Chamber Orchestra,True
76s79v3vf56IPxuWCUA2Qh,Artists Group,True
774mkzUMjSY8lZyRwVJqen,Noah Hart,True
776Uo845nYHJpNaStv1Ds4,Jimi Hendrix,True
77CaCn32H4mOMQA7UElzfF,Academy of St. Martin in the Fields,True
77kULmXAQ6vWer7IIHdGzI,Jordan Davis,True
77mJc3M7ZT5oOVM7gNdXim,Her's,True
77SW9BnxLY8rJ0RciFqkHh,The Neighbourhood,True
77tBvvyd6SD4Y9Um1xcbxP,Lita Ford,True
77tT1kLj6mCWtFNqiOmP9H,Daryl Hall & John Oates,True
77ZUbcdoU5KCPHNUl8bgQy,João Gilberto,True
78rUTD7y6Cy67W1RVzYs7t,PinkPantheress,True
78sEozQOEJxzXegUuqRSgH,Daniel Barenboim,True
78SHxLdtysAXgywQ4vE0Oa,Bush,True
78sIlhMniFgXlOrNWnPtIl,Tegi Pannu,True
78xUyw6FkVZrRAtziFdtdu,The Roots,True
78YqeIji3mgAS2K1Maca6x,Dylan Scott,True
790FomKkXshlbRYZFtlgla,KAROL G,True
79cmm0PKrLWIrqp80GpJtK,Vaneese Thomas,True
79FMDwzZQxHgSkIYBl3ODU,Trace Adkins,True
79QUtAVxGAAoiWNlqBz9iy,Leigh-Anne,True
7A9yZMTrFZcgEWAX2kBfK6,Huey Lewis & The News,True
7aBzpmFXB4WWpPl2F7RjBe,Wyclef Jean,True
7aWpPjjgItUnXljFxYYKZI,DeathbyRomy,True
7B4hKK0S9QYnaoqa9OuwgX,Eazy-E,True
7b4IdPtHjtIptOsszfiSy2,Most Iverson,True
7b85ve82Sh36a3UAx74wut,Twisted Sister,True
7Bah8E0kCETqEpAHI6CPzQ,Mr. Mister,True
7Bbr5r0eIb5k773rp7En9q,Julia Sono,True
7bcbShaqKdcyjnmv4Ix8j6,St. Vincent,True
7BFFr4BUABKAorAN43APPd,Royal Northern Sinfonia,True
7bPs6jf983f0bjRAt1yxDM,Patrick Watson,True
7bPU7cvfoD20ixGD9Qnqki,Stealers Wheel,True
7BqRcZsHYYQeqMAOp7e532,落日飛車 Sunset Rollercoaster,True
7bu3H8JO7d0UbMoVzbo70s,The Cure,True
7bXgB6jMjp9ATFy66eO08Z,Chris Brown,True
7BYvlfn9FHd6YH5eTY93zP,Max Hayward,True
7c0XG5cIJTrrAgEC3ULPiq,Ty Dolla $ign,True
7C4sUpWGlTy7IANjruj02I,Peter Gabriel,True
7c6K2xsxh9HtmnzpNb4NIx,Soothing Buzz,True
7CajNmpbOovFoOoasH2HaY,Calvin Harris,True
7CCn4PFRRRZF127jtCBAUe,The Lovin' Spoonful,True
7ceUfdWq2t5nbatS6ollHh,Paul Anka,True
7cEydhNzXHxSFYYZEB6Fmk,Giulia De Luca,True
7cKtqv9cYVlOwnuCFH95ce,The The,True
7crPfGd2k81ekOoSqQKWWz,Stevie Nicks,True
7CUFPNi1TU8RowpnFRSsZV,Niska,True
7CyeXFnOrfC1N6z4naIpgo,The Ronettes,True
7d7AZ3CQC457bFhK0wHpSO,Scott McKenzie,True
7dGJo4pcD2V6oG8kP0tJRR,Eminem,True
7DhP3bGT7dzr1dCkkH5mTS,David Crowder Band,True
7Dl8usoHibuYnDVT5PRVnz,Paul McClure,True
7dNsHhGeGU5MV01r06O8gK,Patsy Cline,True
7dOBabd5O4CvKrg4iriHTM,Kid Rock,True
7DuTB6wdzqFJGFLSH17k8e,Bhad Bhabie,True
7DUTsWY3RBd64vh8UtgtYA,Lacrim,True
7E2aQQjErJocovYFjYLzWU,Emei,True
7e3FtKBIPLrIVm8g1FJMVg,Sango,True
7E6gWrogjZbxjYpmSjAa1C,Sadie Hume,True
7E6r9S8qCRfZVCjF1A8do6,Kes,True
7E9YFx8NvGyjVR7WKZfaZo,Elsa Whage,True
7EK1bQADBoqbYXnT4Cqv9w,John Denver,True
7emRV8AluG3d4e5T0DZiK9,Loggins & Messina,True
7EpGwOsih4h9r58T2FnGWQ,Noise Recordings,True
7EQ0qTo7fWT7DPxmxtSYEc,Bastille,True
7EQmY1hAAeuJLa0GUNpKNN,ellis,True
7erlZkwZDiF5P7f1gXPxxD,Ruth Mountain,True
7Ey4PD4MYsKc5I2dolUwbH,Aerosmith,True
7f5Zgnp2spUuuzKplmRkt7,Lost Frequencies,True
7FBcuc1gsnv6Y1nwFtNRCb,My Chemical Romance,True
7FetIwKD9uIJFiUwdHfq6g,John Morgan,True
7FIoB5PHdrMZVC3q2HE5MS,George Harrison,True
7FKUsKktgY7Zf8iAL6wOls,Chineke! Orchestra,True
7FNnA9vBm6EKceENgCGRMb,Anitta,True
7fu6ebyL3JGXJgo5zsOo4k,Harvey Danger,True
7FY5V3XMwlNBPitEjXowHQ,Darius Rucker,True
7G1GBhoKtEPnP86X2PvEYO,Nina Simone,True
7G6zawIBBtDX1WvuT97Ei9,Harvey Fierstein,True
7g9NeUQzyocyDUNRbTaqYu,Kiev Chamber Choir,True
7gcCQIlkkfbul5Mt0jBQkg,Dave Stewart,True
7GH65UbP1uRY9HtNvq4R9Y,Ingrid Haebler,True
7Gi6gjaWy3DxyilpF1a8Is,Junior H,True
7GlBOeep6PqTfFi59PTUUN,Chappell Roan,True
7gRhy3MIPHQo5CXYfWaw9I,Azealia Banks,True
7guDJrEfX3qb6FEbdPA5qi,Stevie Wonder,True
7gW0r5CkdEUMm42w9XpyZO,Laufey,True
7hCuNVmOMT7ntattMgmL96,Finneas O'Connell,True
7hfYp0jhsWfGQImrzTEa3i,Duo MR,True
7hHwwhjG9V3HkHZoPsJB5Q,2Frères,True
7hJcb9fa4alzcOq3EaNPoG,Snoop Dogg,True
7HkdQ0gt53LP4zmHsL0nap,Ella Mai,True
7HL4id2U7FSDJtfKQHMgQx,Cinderella,True
7HLvzuM9p11k9lUQfSM4Rq,Warrant,True
7HO5fOXE4gh3lzZn64tX2E,Mariah the Scientist,True
7hrleJxjf4KJbeiQirb6BL,Prague Chamber Orchestra,True
7hSks32NbjUq855ksjMlMg,Kim Akvileja,True
7HUDHULnPyXARDfZzsx5xc,Jon Albreit,True
7HxrZhLg59A2fZKgDWbebz,Luis Diseminado,True
7hZPqfKfcyqVgLOQ5vOGk8,Kaspar Mann,True
7i3os1iEWOn5UpaylRiMw5,Tariq Trotter,True
7I5aVjTWURRixYxOI0FB3p,Angelina Shvachka,True
7IbO8NvxclKsk7WTOZ42bv,Terence Blanchard,True
7ie36YytMoKtPiL7tUvmoE,Igor Stravinsky,True
7IfculRW2WXyzNQ8djX8WX,Erykah Badu,True
7iK8PXO48WeuP03g8YR51W,Myke Towers,True
7IlRNXHjoOCgEAWN5qYksg,Aya Nakamura,True
7IrBqZo6diq3hV3GpUhrs2,Jim Legxacy,True
7IYQPynt9mzd6LR9XFW9zR,Vellore,True
7JaeTu8xN4ZYcKyGrK6DBW,Steve D,True
7jAs1uPnpfNmT6e5qtEPxq,ATL Jacob,True
7JCthCuu5Wmxv2avqVFolo,Roger Eno,True
7jEEE187pVG6InOxn03oA5,Benjamin Ingrosso,True
7jefIIksOi1EazgRTfW2Pk,Electric Light Orchestra,True
7jLpPyJ5gQxCvwiBsUfFu6,4*TOWN (From Disney and Pixar’s Turning Red),True
7JM0ahYY9xjYeKVUf3Rauf,MC MTOODIO,True
7JmDqds7Y1LRSWZVM8e0Og,Kathryn Stott,True
7jmTilWYlKOuavFfmQAcu6,Barbra Streisand,True
7jocoSCuCtpCxCI6IbP8ye,Digital Underground,True
7JQn9DfFTtsFTg2dFc75jM,Princess Superstar,True
7jQSqBxct7Aa8b3GsZFkO4,Miloš Karadaglić,True
7jqVVRFgBPvHWLnUwfRF6C,MC Pequeno Diamante,True
7Js6Lde8thlIHXggv2SCBz,Europe,True
7jVv8c5Fj3E9VhNjxT4snq,Lil Nas X,True
7jy3rLJdDQY21OgRLCZ9sD,Foo Fighters,True
7jZM5w05mGhw6wTB1okhD9,ATB,True
7jZMxhsB8djyIbYmoiJSTs,Kiana Ledé,True
7jzR5qj8vFnSu5JHaXgFEr,Jean Sibelius,True
7keGfmQR4X5w0two1xKZ7d,Kungs,True
7kFfY4UjNdNyaeUgLIEbIF,DeJ Loaf,True
7kjSuFGKhLm8b5qXoMhRkJ,Libianca,True
7KkUirCiJZhgRN3NbgG98L,Ottorino Respighi,True
7kNqXtgeIwFtelmRjWv205,John Summit,True
7ku4vnPiSrXkUarPFjlzwH,Alexander Malter,True
7LCp4MN0SOIVWlssid9KyE,Mountain,True
7Ln80lUS6He07XvHI8qqHH,Arctic Monkeys,True
7LnaAXbDVIL75IVPnndf7w,Jamie Foxx,True
7Lq3yAtwi0Z7zpxEwbQQNZ,VIVIZ,True
7ltDVBr6mKbRvohxheJ9h1,ROSALÍA,True
7lzordPuZEXxwt9aoVZYmG,Billy Idol,True
7M7ryKqUcnn2r0F08gYuxr,Fya Playce,True
7mAbpafXc2MIAZn4ldxEuP,Real Boss,True
7maQENQfaF8xDdEJp4i545,Aliyah's Interlude,True
7mCsyzq823cXJ5puxUN3aJ,John Debney,True
7mDU6nMUJnOSY2Hkjz5oqM,Roy Woods,True
7mEIug7XUlQHikrFxjTWes,Neil Diamond,True
7mEuyFgTPiTRgCh3Hzuwsl,Berliner Barock Solisten,True
7MhMgCo0Bl0Kukl93PZbYS,Blur,True
7MJ1pB5d6Vjmzep2zQlorn,Benjamin Britten,True
7mnBLXK823vNxN3UWB7Gfz,The Black Keys,True
7MNP6nVHIDvPCRvfCeAJpF,Pressure 9X19,True
7MPGCB854Qo4alYMOPkBka,Ritt Momney,True
7MSTO40bsb3DOJQT6xLsIc,The Judds,True
7n2wHs1TKAczGzO7Dd2rGr,Shawn Mendes,True
7n2Ycct7Beij7Dj7meI4X0,TWICE,True
7nDsS0l5ZAzMedVRKPP8F1,Ella Henderson,True
7nwUJBm0HE4ZxD3f5cy5ok,Aretha Franklin,True
7o2ZQYM7nTsaVdkXY38UAA,Em Beihold,True
7o95ZoZt5ZYn31e9z1Hc0a,Natasha Bedingfield,True
7ocwZINHqO9DZJgFtc1B20,Lara Fabian,True
7oPftvlwr6VrsViSDV7fJY,Green Day,True
7oPgCQqMMXEXrNau5vxYZP,Tracy Chapman,True
7pVJ9rSyonlAZzWHtfVURF,Maxim Shostakovich,True
7qG3b048QCHVRO5Pv1T5lw,Enrique Iglesias,True
7qmpXeNz2ojlMl2EEfkeLs,Nicky Youre,True
7qQJQ3YtcGlqaLg5tcypN2,Chubby Checker,True
7qVvIFc9DktkAc0HKzRhNo,Johnny Hartman,True
7qxZtX9UNGo338GpLJsSjP,Austin John Winkler,True
7rDjbKTLlpNYJRWMm7QVxU,Jack DeJohnette,True
7rF2UMGa1Egx35lgjungrD,Farmer Street Quartet,True
7rkW85dBwwrJtlHRDkJDAC,NAV,True
7rrTqtOUOwva4sgTx9C9F9,Joy Oladokun,True
7rtpar7dktPcHVJJi6ZLhV,Anwar Rai,True
7sfl4Xt5KmfyDs2T3SVSMK,Lil Jon,True
7slfeZO9LsJbWgpkIoXBUJ,Ricky Martin,True
7t0rwkOPGlDPEhaOcVtOt9,The Cranberries,True
7tjbDPvrdvDshcpEMXKRVb,Gerry Rafferty,True
7tjVFCxJdwT4NdrTmjyjQ6,Muni Long,True
7tYKF4w9nC0nq9CsPZTHyP,SZA,True
7u18DW0RHIYBIBZymrnVj5,Denver Paige,True
7u6LfVyYpEzMpHLL7jTyvU,Dwele,True
7uIbLdzzSEqnX0Pkrb56cR,Yo Yo Honey Singh,True
7uMh23xWiuR7zsNkuNcm2G,MNEK,True
7urq0VfqxEYEEiZUkebXT4,112,True
7uWSy5aRJy75BSKdpYbp2R,William Youn,True
7v4imS0moSyGdXyLgVTIV7,Nat King Cole,True
7vCtweS8UVAXTyau2j0rDT,Josh Turner,True
7vfydQ0nVBVgJ0ajs8EtRM,Christoph Willibald Gluck,True
7vk5e3vY1uw9plTHJAMwjN,Alan Walker,True
7vKyyJZVFb16NTWrUV1fGp,Jonathan David Helser,True
7wCjDgV6nqBsHguQXPAaIM,Waylon Jennings,True
7wjeXCtRND2ZdKfMJFu6JC,Louane,True
7wlFDEWiM5OoIAt8RSli8b,YoungBoy Never Broke Again,True
7wNkISK49lKeXuRaZcQVFe,Ralph Vaughan Williams,True
7wqtxqI3eo7Gn1P7SpP6cQ,Salt-N-Pepa,True
7wU4Xw4xqmBzfy2TIej8qa,Meryl Stream,True
7wVgfy012qNvQ607JM5Qsf,Red Sovine,True
7x0t1q7YipVEBMRHIltHGK,Nature Trudge,True
7x5rK9BClDQ8wmCkYAGsQp,Paolo Nutini,True
7x8nK0m0cP2ksQf0mjWdPS,Dierks Bentley,True
7xD76cR2sg2mAH29zBGnks,glichery,True
7xkAwz0bQTGDSbkofyQt3U,Belinda Carlisle,True
7xkvpbm8tfh02pFrqHV4aK,Love Falk,True
7xTKLpo7UCzXSnlH7fOIoM,Redman,True
7y97mc3bZRFXzT2szRM4L4,Frédéric Chopin,True
7yk35uHNQclPXFGFoTU44w,The Pharcyde,True
7yp6KygcGbQwOJQcRszaZr,DJ Dudah,True
7ysDgZ3JkblCgOsDTJWttt,Mark Keali'i Ho'omalu,True
7yURu3gRxmCReoYCg8m5M9,charli d'amelio,True
7z2avKuuiMAT4XZJFv8Rvh,Tom Walker,True
7z5WFjZAIYejWy0NI5lv4T,Dan + Shay,True
7zCChitz4Xn1O7OqXjOhhR,Vicky,True
7ztuxOIQFdrMJ8pCpopMeK,Aurora 10,True
